handleId,fieldType,name,description,productImageUrl,collection,sku,ribbon,price,surcharge,visible,discountMode,discountValue,inventory,weight,productOptionName1,productOptionType1,productOptionDescription1,productOptionName2,productOptionType2,productOptionDescription2,productOptionName3,productOptionType3,productOptionDescription3,productOptionName4,productOptionType4,productOptionDescription4,productOptionName5,productOptionType5,productOptionDescription5,productOptionName6,productOptionType6,productOptionDescription6,additionalInfoTitle1,additionalInfoDescription1,additionalInfoTitle2,additionalInfoDescription2,additionalInfoTitle3,additionalInfoDescription3,additionalInfoTitle4,additionalInfoDescription4,additionalInfoTitle5,additionalInfoDescription5,additionalInfoTitle6,additionalInfoDescription6,customTextField1,customTextCharLimit1,customTextMandatory1,customTextField2,customTextCharLimit2,customTextMandatory2
product_14d65b40-82dd-4b5b-9402-3fdff524aaa1,Product,Rest In Him,"<p>This t-shirt is soft and lightweight, with the right amount of stretch. It's comfortable and flattering, perfect for everyday wear.<br><br>• 100% combed and ring-spun cotton (Heather colors contain polyester)<br>• Ash color is 99% combed and ring-spun cotton, 1% polyester<br>• Heather colors are 52% combed and ring-spun cotton, 48% polyester<br>• Athletic and Black Heather are 90% combed and ring-spun cotton, 10% polyester<br>• Heather Prism colors are 99% combed and ring-spun cotton, 1% polyester<br>• Fabric weight: 4.2 oz (142 g/m2)<br>• Pre-shrunk fabric<br>• Shoulder-to-shoulder taping<br>• Side-seamed</p>",8e5da9_9189d97f21e14cbc96e3588f297c9968~mv2.jpg,Tee's,,,24.99,,TRUE,PERCENT,15,InStock,0,Size,DROP_DOWN,2XL;3XL;4XL;L;M;S;XL;XS,,,,,,,,,,,,,,,,,,,,,,,,,,,,,,,,,
product_14d65b40-82dd-4b5b-9402-3fdff524aaa1,Variant,,,,,8,,,0,TRUE,,,InStock,,,,XS,,,,,,,,,,,,,,,,,,,,,,,,,,,,,,,,,
product_14d65b40-82dd-4b5b-9402-3fdff524aaa1,Variant,,,,,4,,,0,TRUE,,,InStock,,,,L,,,,,,,,,,,,,,,,,,,,,,,,,,,,,,,,,
product_14d65b40-82dd-4b5b-9402-3fdff524aaa1,Variant,,,,,5,,,0,TRUE,,,InStock,,,,M,,,,,,,,,,,,,,,,,,,,,,,,,,,,,,,,,
product_14d65b40-82dd-4b5b-9402-3fdff524aaa1,Variant,,,,,6,,,0,TRUE,,,InStock,,,,S,,,,,,,,,,,,,,,,,,,,,,,,,,,,,,,,,
product_14d65b40-82dd-4b5b-9402-3fdff524aaa1,Variant,,,,,1,,,2,TRUE,,,InStock,,,,2XL,,,,,,,,,,,,,,,,,,,,,,,,,,,,,,,,,
product_14d65b40-82dd-4b5b-9402-3fdff524aaa1,Variant,,,,,2,,,4,TRUE,,,InStock,,,,3XL,,,,,,,,,,,,,,,,,,,,,,,,,,,,,,,,,
product_14d65b40-82dd-4b5b-9402-3fdff524aaa1,Variant,,,,,7,,,0,TRUE,,,InStock,,,,XL,,,,,,,,,,,,,,,,,,,,,,,,,,,,,,,,,
product_14d65b40-82dd-4b5b-9402-3fdff524aaa1,Variant,,,,,3,,,4,TRUE,,,InStock,,,,4XL,,,,,,,,,,,,,,,,,,,,,,,,,,,,,,,,,
product_27693f8b-7a7f-604e-c148-9f9836977165,Product,Relax & Trust God,"<p>Enrich your wardrobe with a versatile long sleeve Faith Tee. For a casual look, combine it with your favorite jeans, and layer it with a button-up shirt, a zip-up hoodie, or a cute&nbsp;jacket.</p><p>&nbsp;</p><p>• 100% combed and ring-spun cotton<br>• Heather colors are 52% combed and ring-spun cotton, 48% polyester<br>• Athletic Heather is 90% combed and ring-spun cotton, 10% polyester<br>• 32 singles<br>• Retail fit<br>• Crew neck<br>• Cover-stitched collar<br>• 2'' ribbed cuffs<br>• Side-seamed</p>",8e5da9_5cd1b68ae1e44e75b73a45bbc5ce24b0~mv2.png,Tee's,,,29.99,,TRUE,PERCENT,0,0,0,Size,DROP_DOWN,XS;S;M;L;XL;2XL,,,,,,,,,,,,,,,,Shipping,"<p>Orders usually ship within 10-15 days. There may be possible delays due to Covid 19.&nbsp;</p>
",,,,,,,,,,,,,,,,
product_27693f8b-7a7f-604e-c148-9f9836977165,Variant,,,,,12,,,0,TRUE,,,100,,,,L,,,,,,,,,,,,,,,,,,,,,,,,,,,,,,,,,
product_27693f8b-7a7f-604e-c148-9f9836977165,Variant,,,,,13,,,0,TRUE,,,100,,,,XL,,,,,,,,,,,,,,,,,,,,,,,,,,,,,,,,,
product_27693f8b-7a7f-604e-c148-9f9836977165,Variant,,,,,14,,,2,TRUE,,,100,,,,2XL,,,,,,,,,,,,,,,,,,,,,,,,,,,,,,,,,
product_27693f8b-7a7f-604e-c148-9f9836977165,Variant,,,,,9,,,0,TRUE,,,100,,,,XS,,,,,,,,,,,,,,,,,,,,,,,,,,,,,,,,,
product_27693f8b-7a7f-604e-c148-9f9836977165,Variant,,,,,10,,,0,TRUE,,,100,,,,S,,,,,,,,,,,,,,,,,,,,,,,,,,,,,,,,,
product_27693f8b-7a7f-604e-c148-9f9836977165,Variant,,,,,11,,,0,TRUE,,,100,,,,M,,,,,,,,,,,,,,,,,,,,,,,,,,,,,,,,,
product_667d0a85-a0fe-4340-a1df-adb8c88941fc,Product,At The Cross,"<p>Enrich your wardrobe with a versatile long sleeve Faith Tee. For a casual look, combine it with your favorite jeans, and layer it with a button-up shirt, a zip-up hoodie, or a cute&nbsp;jacket.</p><p>&nbsp;</p><p>• 100% combed and ring-spun cotton<br>• Heather colors are 52% combed and ring-spun cotton, 48% polyester<br>• Athletic Heather is 90% combed and ring-spun cotton, 10% polyester<br>• 32 singles<br>• Retail fit<br>• Crew neck<br>• Cover-stitched collar<br>• 2'' ribbed cuffs<br>• Side-seamed</p>",8e5da9_54abbc4b305541c2a08697acb74d7c7e~mv2.png;8e5da9_ce9c8cc6cc2f40979c7e21154bd795c2~mv2.png,Tee's,,,29.99,,TRUE,PERCENT,0,InStock,0,Size,DROP_DOWN,XS;S;M;L;XL;2XL,,,,,,,,,,,,,,,,Shipping,"<p>Orders usually ship within 10-15 days. There may be possible delays due to Covid 19.</p>
",,,,,,,,,,,,,,,,
product_667d0a85-a0fe-4340-a1df-adb8c88941fc,Variant,,,,,18,,,0,TRUE,,,InStock,,,,L,,,,,,,,,,,,,,,,,,,,,,,,,,,,,,,,,
product_667d0a85-a0fe-4340-a1df-adb8c88941fc,Variant,,,,,19,,,0,TRUE,,,InStock,,,,XL,,,,,,,,,,,,,,,,,,,,,,,,,,,,,,,,,
product_667d0a85-a0fe-4340-a1df-adb8c88941fc,Variant,,,,,20,,,2,TRUE,,,InStock,,,,2XL,,,,,,,,,,,,,,,,,,,,,,,,,,,,,,,,,
product_667d0a85-a0fe-4340-a1df-adb8c88941fc,Variant,,,,,15,,,0,TRUE,,,InStock,,,,XS,,,,,,,,,,,,,,,,,,,,,,,,,,,,,,,,,
product_667d0a85-a0fe-4340-a1df-adb8c88941fc,Variant,,,,,16,,,0,TRUE,,,InStock,,,,S,,,,,,,,,,,,,,,,,,,,,,,,,,,,,,,,,
product_667d0a85-a0fe-4340-a1df-adb8c88941fc,Variant,,,,,17,,,0,TRUE,,,InStock,,,,M,,,,,,,,,,,,,,,,,,,,,,,,,,,,,,,,,
product_f1c138e4-46b2-dbf6-665c-bf952d80e715,Product,For His Glory Half Zip Sweatshirt,"<p>This is our trendy half zip&nbsp;sweatshirt designed with our logo on front and a&nbsp;inspirational&nbsp;message for you to display to the world on back. Layer this one&nbsp;up or wear it on its own for a contemporary look.</p><p>&nbsp;</p><ul>	<li>Double needle shoulder, cuffs and waistband</li>	<li>1X1 rib on cuffs and waistband</li>	<li>Sideseamed</li>	<li>Twill label</li>	<li>Twill taped back neck</li>	<li>Self fabric lined collar</li>	<li>Soft washed garment dyed fabric</li></ul>",8e5da9_9ad79cf558344f15b6e6fc26b5692a82~mv2.png;8e5da9_98e3309f988640bb80aa42d1bdc52362~mv2.png,Sweatshirts,,,49.99,,TRUE,AMOUNT,5,0,0,Size,DROP_DOWN,S;M;L;XL;2XL;3XL,,,,,,,,,,,,,,,,Shipping,"<p>Orders usually ship within 10-15 days. There may be possible delays due to Covid 19.</p>
",,,,,,,,,,,,,,,,
product_f1c138e4-46b2-dbf6-665c-bf952d80e715,Variant,,,,,24,,,0,TRUE,,,20,,,,XL,,,,,,,,,,,,,,,,,,,,,,,,,,,,,,,,,
product_f1c138e4-46b2-dbf6-665c-bf952d80e715,Variant,,,,,25,,,2,TRUE,,,20,,,,2XL,,,,,,,,,,,,,,,,,,,,,,,,,,,,,,,,,
product_f1c138e4-46b2-dbf6-665c-bf952d80e715,Variant,,,,,26,,,4,TRUE,,,20,,,,3XL,,,,,,,,,,,,,,,,,,,,,,,,,,,,,,,,,
product_f1c138e4-46b2-dbf6-665c-bf952d80e715,Variant,,,,,21,,,0,TRUE,,,20,,,,S,,,,,,,,,,,,,,,,,,,,,,,,,,,,,,,,,
product_f1c138e4-46b2-dbf6-665c-bf952d80e715,Variant,,,,,22,,,0,TRUE,,,20,,,,M,,,,,,,,,,,,,,,,,,,,,,,,,,,,,,,,,
product_f1c138e4-46b2-dbf6-665c-bf952d80e715,Variant,,,,,23,,,0,TRUE,,,20,,,,L,,,,,,,,,,,,,,,,,,,,,,,,,,,,,,,,,
product_aa979db1-88a3-8861-3555-da3f9c897c7e,Product,Beauty for Ashes Half Zip Sweatshirt,"<p>This is our trendy half zip&nbsp;sweatshirt designed with our logo on front and a&nbsp;inspirational&nbsp;message for you to display to the world on back. Layer this one&nbsp;up or wear it on its own for a contemporary look.</p><p>&nbsp;</p><ul>	<li>Double needle shoulder, cuffs and waistband</li>	<li>1X1 rib on cuffs and waistband</li>	<li>Sideseamed</li>	<li>Twill label</li>	<li>Twill taped back neck</li>	<li>Self fabric lined collar</li>	<li>Soft washed garment dyed fabric</li></ul>",8e5da9_0fda708047134caeb1b89d664971d87d~mv2.png;8e5da9_82b189b246ee493391d73b63538ade68~mv2.png,Sweatshirts,,,49.99,,TRUE,AMOUNT,5,0,0,Size,DROP_DOWN,S;M;L;XL;2XL;3XL,,,,,,,,,,,,,,,,Shipping,"<p>Orders usually ship within 10-15 days. There may be possible delays due to Covid 19.</p>
",,,,,,,,,,,,,,,,
product_aa979db1-88a3-8861-3555-da3f9c897c7e,Variant,,,,,30,,,0,TRUE,,,20,,,,XL,,,,,,,,,,,,,,,,,,,,,,,,,,,,,,,,,
product_aa979db1-88a3-8861-3555-da3f9c897c7e,Variant,,,,,31,,,2,TRUE,,,20,,,,2XL,,,,,,,,,,,,,,,,,,,,,,,,,,,,,,,,,
product_aa979db1-88a3-8861-3555-da3f9c897c7e,Variant,,,,,32,,,4,TRUE,,,20,,,,3XL,,,,,,,,,,,,,,,,,,,,,,,,,,,,,,,,,
product_aa979db1-88a3-8861-3555-da3f9c897c7e,Variant,,,,,27,,,0,TRUE,,,20,,,,S,,,,,,,,,,,,,,,,,,,,,,,,,,,,,,,,,
product_aa979db1-88a3-8861-3555-da3f9c897c7e,Variant,,,,,28,,,0,TRUE,,,20,,,,M,,,,,,,,,,,,,,,,,,,,,,,,,,,,,,,,,
product_aa979db1-88a3-8861-3555-da3f9c897c7e,Variant,,,,,29,,,0,TRUE,,,20,,,,L,,,,,,,,,,,,,,,,,,,,,,,,,,,,,,,,,
product_a5848519-9af3-33d5-6431-a14177544ee8,Product,Salt + Light Half Zip Sweatshirt,"<p>This is our trendy half zip&nbsp;sweatshirt designed with our logo on front and a&nbsp;inspirational&nbsp;message for you to display to the world on back. Layer this one&nbsp;up or wear it on its own for a contemporary look.</p><p>&nbsp;</p><ul>	<li>Double needle shoulder, cuffs and waistband</li>	<li>1X1 rib on cuffs and waistband</li>	<li>Sideseamed</li>	<li>Twill label</li>	<li>Twill taped back neck</li>	<li>Self fabric lined collar</li>	<li>Soft washed garment dyed fabric</li></ul>",8e5da9_16871b7885cf4f4e938f9bbcb346ca9e~mv2.png;8e5da9_fdefd4125c10452893bdc462b77e8fb5~mv2.png,Sweatshirts,,,49.99,,TRUE,AMOUNT,5,0,0,Size,DROP_DOWN,S;M;L;XL;2XL;3XL,,,,,,,,,,,,,,,,Shipping,"<p>Orders usually ship within 10-15 days. There may be possible delays due to Covid 19.</p>
",,,,,,,,,,,,,,,,
product_a5848519-9af3-33d5-6431-a14177544ee8,Variant,,,,,36,,,0,TRUE,,,20,,,,XL,,,,,,,,,,,,,,,,,,,,,,,,,,,,,,,,,
product_a5848519-9af3-33d5-6431-a14177544ee8,Variant,,,,,37,,,2,TRUE,,,20,,,,2XL,,,,,,,,,,,,,,,,,,,,,,,,,,,,,,,,,
product_a5848519-9af3-33d5-6431-a14177544ee8,Variant,,,,,38,,,4,TRUE,,,20,,,,3XL,,,,,,,,,,,,,,,,,,,,,,,,,,,,,,,,,
product_a5848519-9af3-33d5-6431-a14177544ee8,Variant,,,,,33,,,0,TRUE,,,20,,,,S,,,,,,,,,,,,,,,,,,,,,,,,,,,,,,,,,
product_a5848519-9af3-33d5-6431-a14177544ee8,Variant,,,,,34,,,0,TRUE,,,20,,,,M,,,,,,,,,,,,,,,,,,,,,,,,,,,,,,,,,
product_a5848519-9af3-33d5-6431-a14177544ee8,Variant,,,,,35,,,0,TRUE,,,20,,,,L,,,,,,,,,,,,,,,,,,,,,,,,,,,,,,,,,
product_0eddab70-d90b-59ed-7a48-132de2fe67db,Product,And You Will Know The Truth Sweatshirt,"<p>Rock our&nbsp;classic pullover drop shoulder sweatshirt with an inspirational message. Layer it up or wear it on its own for a contemporary look. With the soft fleece inside and comfortable fit, it’s sure to become your favorite everyday sweater right away!</p><p>&nbsp;</p><ul>	<li>7 oz., 52% Airlume combed and ringspun cotton, 48% polyester fleece</li>	<li>Athletic Heather: 90% Airlume combed and ring-spun cotton, 10% polyester fleece</li>	<li>Side-seamed</li>	<li>Retail fit</li>	<li>Drop shoulder</li>	<li>Ribbed cuffs &amp; waistband</li></ul>",8e5da9_22f67a5f82f8492588bf09e4e425b609~mv2.png,Featured Items;Sweatshirts,,,49.99,,TRUE,AMOUNT,5,0,0,Size,DROP_DOWN,S;M;L;XL;2XL,,,,,,,,,,,,,,,,Shipping,"<p>Orders usually ship within 10-15 days. There may be possible delays due to Covid 19.</p>
",,,,,,,,,,,,,,,,
product_0eddab70-d90b-59ed-7a48-132de2fe67db,Variant,,,,,42,,,0,TRUE,,,20,,,,XL,,,,,,,,,,,,,,,,,,,,,,,,,,,,,,,,,
product_0eddab70-d90b-59ed-7a48-132de2fe67db,Variant,,,,,43,,,2,TRUE,,,20,,,,2XL,,,,,,,,,,,,,,,,,,,,,,,,,,,,,,,,,
product_0eddab70-d90b-59ed-7a48-132de2fe67db,Variant,,,,,39,,,0,TRUE,,,20,,,,S,,,,,,,,,,,,,,,,,,,,,,,,,,,,,,,,,
product_0eddab70-d90b-59ed-7a48-132de2fe67db,Variant,,,,,40,,,0,TRUE,,,20,,,,M,,,,,,,,,,,,,,,,,,,,,,,,,,,,,,,,,
product_0eddab70-d90b-59ed-7a48-132de2fe67db,Variant,,,,,41,,,0,TRUE,,,20,,,,L,,,,,,,,,,,,,,,,,,,,,,,,,,,,,,,,,
product_2b7c10fa-466c-3443-b006-a8a371c57c67,Product,No Fear (Psalm 23:4) Sweatshirt,"<p>Rock our&nbsp;classic pullover drop shoulder sweatshirt with an inspirational message. Layer it up or wear it on its own for a contemporary look. With the soft fleece inside and comfortable fit, it’s sure to become your favorite everyday sweater right away!</p><p>&nbsp;</p><ul>	<li>7 oz., 52% Airlume combed and ringspun cotton, 48% polyester fleece</li>	<li>Athletic Heather: 90% Airlume combed and ring-spun cotton, 10% polyester fleece</li>	<li>Side-seamed</li>	<li>Retail fit</li>	<li>Drop shoulder</li>	<li>Ribbed cuffs &amp; waistband</li></ul>",8e5da9_d475809e001749e1af4e06acaeddc99c~mv2.png,Sweatshirts,,,49.99,,TRUE,AMOUNT,5,0,0,Size,DROP_DOWN,S;M;L;XL;2XL,,,,,,,,,,,,,,,,Shipping,"<p>Orders usually ship within 10-15 days. There may be possible delays due to Covid 19.</p>
",,,,,,,,,,,,,,,,
product_2b7c10fa-466c-3443-b006-a8a371c57c67,Variant,,,,,47,,,0,TRUE,,,20,,,,XL,,,,,,,,,,,,,,,,,,,,,,,,,,,,,,,,,
product_2b7c10fa-466c-3443-b006-a8a371c57c67,Variant,,,,,48,,,2,TRUE,,,20,,,,2XL,,,,,,,,,,,,,,,,,,,,,,,,,,,,,,,,,
product_2b7c10fa-466c-3443-b006-a8a371c57c67,Variant,,,,,44,,,0,TRUE,,,20,,,,S,,,,,,,,,,,,,,,,,,,,,,,,,,,,,,,,,
product_2b7c10fa-466c-3443-b006-a8a371c57c67,Variant,,,,,45,,,0,TRUE,,,20,,,,M,,,,,,,,,,,,,,,,,,,,,,,,,,,,,,,,,
product_2b7c10fa-466c-3443-b006-a8a371c57c67,Variant,,,,,46,,,0,TRUE,,,20,,,,L,,,,,,,,,,,,,,,,,,,,,,,,,,,,,,,,,
product_2093b5fc-95bc-09ed-8dd4-72f893a0c1f0,Product,I Will Answer (Isaiah 65:24)  Sweatshirt,"<p>Rock our&nbsp;classic pullover drop shoulder sweatshirt with an inspirational message. Layer it up or wear it on its own for a contemporary look. With the soft fleece inside and comfortable fit, it’s sure to become your favorite everyday sweater right away!</p><p>&nbsp;</p><ul>	<li>7 oz., 52% Airlume combed and ringspun cotton, 48% polyester fleece</li>	<li>Athletic Heather: 90% Airlume combed and ring-spun cotton, 10% polyester fleece</li>	<li>Side-seamed</li>	<li>Retail fit</li>	<li>Drop shoulder</li>	<li>Ribbed cuffs &amp; waistband</li></ul>",8e5da9_2d9ddb9eb09d4fb6b0c3b4fff925544b~mv2.png,Featured Items;Sweatshirts,,,49.99,,TRUE,AMOUNT,5,0,0,Size,DROP_DOWN,S;M;L;XL;2XL,,,,,,,,,,,,,,,,Shipping,"<p>Orders usually ship within 10-15 days. There may be possible delays due to Covid 19.</p>
",,,,,,,,,,,,,,,,
product_2093b5fc-95bc-09ed-8dd4-72f893a0c1f0,Variant,,,,,52,,,0,TRUE,,,20,,,,XL,,,,,,,,,,,,,,,,,,,,,,,,,,,,,,,,,
product_2093b5fc-95bc-09ed-8dd4-72f893a0c1f0,Variant,,,,,53,,,2,TRUE,,,20,,,,2XL,,,,,,,,,,,,,,,,,,,,,,,,,,,,,,,,,
product_2093b5fc-95bc-09ed-8dd4-72f893a0c1f0,Variant,,,,,49,,,0,TRUE,,,20,,,,S,,,,,,,,,,,,,,,,,,,,,,,,,,,,,,,,,
product_2093b5fc-95bc-09ed-8dd4-72f893a0c1f0,Variant,,,,,50,,,0,TRUE,,,20,,,,M,,,,,,,,,,,,,,,,,,,,,,,,,,,,,,,,,
product_2093b5fc-95bc-09ed-8dd4-72f893a0c1f0,Variant,,,,,51,,,0,TRUE,,,20,,,,L,,,,,,,,,,,,,,,,,,,,,,,,,,,,,,,,,
product_e9eb4cb0-4609-3de8-7e27-920c1040314d,Product,God's Not Dead Sweatshirt,"<p>Rock our ""embroidered"" style&nbsp;classic pullover drop shoulder sweatshirt with an inspirational message. Layer it up or wear it on its own for a contemporary look. With the soft fleece inside and comfortable fit, it’s sure to become your favorite everyday sweater right away!</p><p>&nbsp;</p><ul>	<li>7 oz., 52% Airlume combed and ringspun cotton, 48% polyester fleece</li>	<li>Athletic Heather: 90% Airlume combed and ring-spun cotton, 10% polyester fleece</li>	<li>Side-seamed</li>	<li>Retail fit</li>	<li>Drop shoulder</li>	<li>Ribbed cuffs &amp; waistband</li></ul>",8e5da9_b7af8538c79f4862b9c4a88cf2dc487b~mv2.png,Sweatshirts,,,49.99,,TRUE,AMOUNT,5,0,0,Size,DROP_DOWN,S;M;L;XL;2XL,,,,,,,,,,,,,,,,Shipping,"<p>Orders usually ship within 10-15 days. There may be possible delays due to Covid 19.</p>
",,,,,,,,,,,,,,,,
product_e9eb4cb0-4609-3de8-7e27-920c1040314d,Variant,,,,,57,,,0,TRUE,,,20,,,,XL,,,,,,,,,,,,,,,,,,,,,,,,,,,,,,,,,
product_e9eb4cb0-4609-3de8-7e27-920c1040314d,Variant,,,,,58,,,2,TRUE,,,20,,,,2XL,,,,,,,,,,,,,,,,,,,,,,,,,,,,,,,,,
product_e9eb4cb0-4609-3de8-7e27-920c1040314d,Variant,,,,,54,,,0,TRUE,,,20,,,,S,,,,,,,,,,,,,,,,,,,,,,,,,,,,,,,,,
product_e9eb4cb0-4609-3de8-7e27-920c1040314d,Variant,,,,,55,,,0,TRUE,,,19,,,,M,,,,,,,,,,,,,,,,,,,,,,,,,,,,,,,,,
product_e9eb4cb0-4609-3de8-7e27-920c1040314d,Variant,,,,,56,,,0,TRUE,,,20,,,,L,,,,,,,,,,,,,,,,,,,,,,,,,,,,,,,,,
product_88da531a-fc50-4da5-3408-29e6f167d614,Product,Created for More Sweatshirt,"<p>Rock our ""embroidered"" style&nbsp;classic pullover drop shoulder sweatshirt with an inspirational message. Layer it up or wear it on its own for a contemporary look. With the soft fleece inside and comfortable fit, it’s sure to become your favorite everyday sweater right away!</p><p>&nbsp;</p><ul>	<li>7 oz., 52% Airlume combed and ringspun cotton, 48% polyester fleece</li>	<li>Athletic Heather: 90% Airlume combed and ring-spun cotton, 10% polyester fleece</li>	<li>Side-seamed</li>	<li>Retail fit</li>	<li>Drop shoulder</li>	<li>Ribbed cuffs &amp; waistband</li></ul>",8e5da9_2f735faceb264e6c896ba9b13202e004~mv2.png,Sweatshirts,,,49.99,,TRUE,AMOUNT,5,0,0,Size,DROP_DOWN,S;M;L;XL;2XL,,,,,,,,,,,,,,,,Shipping,"<p>Orders usually ship within 10-15 days. There may be possible delays due to Covid 19.</p>
",,,,,,,,,,,,,,,,
product_88da531a-fc50-4da5-3408-29e6f167d614,Variant,,,,,62,,,0,TRUE,,,20,,,,XL,,,,,,,,,,,,,,,,,,,,,,,,,,,,,,,,,
product_88da531a-fc50-4da5-3408-29e6f167d614,Variant,,,,,63,,,2,TRUE,,,20,,,,2XL,,,,,,,,,,,,,,,,,,,,,,,,,,,,,,,,,
product_88da531a-fc50-4da5-3408-29e6f167d614,Variant,,,,,59,,,0,TRUE,,,20,,,,S,,,,,,,,,,,,,,,,,,,,,,,,,,,,,,,,,
product_88da531a-fc50-4da5-3408-29e6f167d614,Variant,,,,,60,,,0,TRUE,,,20,,,,M,,,,,,,,,,,,,,,,,,,,,,,,,,,,,,,,,
product_88da531a-fc50-4da5-3408-29e6f167d614,Variant,,,,,61,,,0,TRUE,,,20,,,,L,,,,,,,,,,,,,,,,,,,,,,,,,,,,,,,,,
product_298aebac-dc2e-3195-aea0-ff8e3da809c0,Product,Grow in Grace Sweatshirt,"<p>Rock our&nbsp;classic pullover drop shoulder sweatshirt with an inspirational message. Layer it up or wear it on its own for a contemporary look. With the soft fleece inside and comfortable fit, it’s sure to become your favorite everyday sweater right away!</p><p>&nbsp;</p><ul>	<li>7 oz., 52% Airlume combed and ringspun cotton, 48% polyester fleece</li>	<li>Athletic Heather: 90% Airlume combed and ring-spun cotton, 10% polyester fleece</li>	<li>Side-seamed</li>	<li>Retail fit</li>	<li>Drop shoulder</li>	<li>Ribbed cuffs &amp; waistband</li></ul>",8e5da9_022b5025a01b4f7fbd330bdc5d24a3a6~mv2.png,Featured Items;Sweatshirts,,,49.99,,TRUE,AMOUNT,5,0,0,Size,DROP_DOWN,S;M;L;XL;2XL,,,,,,,,,,,,,,,,Shipping,"<p>Orders usually ship within 10-15 days. There may be possible delays due to Covid 19.</p>
",,,,,,,,,,,,,,,,
product_298aebac-dc2e-3195-aea0-ff8e3da809c0,Variant,,,,,67,,,0,TRUE,,,20,,,,XL,,,,,,,,,,,,,,,,,,,,,,,,,,,,,,,,,
product_298aebac-dc2e-3195-aea0-ff8e3da809c0,Variant,,,,,68,,,2,TRUE,,,20,,,,2XL,,,,,,,,,,,,,,,,,,,,,,,,,,,,,,,,,
product_298aebac-dc2e-3195-aea0-ff8e3da809c0,Variant,,,,,64,,,0,TRUE,,,20,,,,S,,,,,,,,,,,,,,,,,,,,,,,,,,,,,,,,,
product_298aebac-dc2e-3195-aea0-ff8e3da809c0,Variant,,,,,65,,,0,TRUE,,,20,,,,M,,,,,,,,,,,,,,,,,,,,,,,,,,,,,,,,,
product_298aebac-dc2e-3195-aea0-ff8e3da809c0,Variant,,,,,66,,,0,TRUE,,,20,,,,L,,,,,,,,,,,,,,,,,,,,,,,,,,,,,,,,,
product_5d6c82d6-15b4-2fa7-ced4-b1f17203f825,Product,Joy Sweatshirt,"<p>Rock our&nbsp;classic pullover drop shoulder sweatshirt with an inspirational message. Layer it up or wear it on its own for a contemporary look. With the soft fleece inside and comfortable fit, it’s sure to become your favorite everyday sweater right away!</p><p>&nbsp;</p><ul>	<li>7 oz., 52% Airlume combed and ringspun cotton, 48% polyester fleece</li>	<li>Athletic Heather: 90% Airlume combed and ring-spun cotton, 10% polyester fleece</li>	<li>Side-seamed</li>	<li>Retail fit</li>	<li>Drop shoulder</li>	<li>Ribbed cuffs &amp; waistband</li></ul>",8e5da9_71161cab1d6d419b84cbfe3d18e12316~mv2.png,Featured Items;Sweatshirts,,,49.99,,TRUE,AMOUNT,5,0,0,Size,DROP_DOWN,S;M;L;XL;2XL,,,,,,,,,,,,,,,,Shipping,"<p>Orders usually ship within 10-15 days. There may be possible delays due to Covid 19.</p>
",,,,,,,,,,,,,,,,
product_5d6c82d6-15b4-2fa7-ced4-b1f17203f825,Variant,,,,,72,,,0,TRUE,,,20,,,,XL,,,,,,,,,,,,,,,,,,,,,,,,,,,,,,,,,
product_5d6c82d6-15b4-2fa7-ced4-b1f17203f825,Variant,,,,,73,,,2,TRUE,,,20,,,,2XL,,,,,,,,,,,,,,,,,,,,,,,,,,,,,,,,,
product_5d6c82d6-15b4-2fa7-ced4-b1f17203f825,Variant,,,,,69,,,0,TRUE,,,20,,,,S,,,,,,,,,,,,,,,,,,,,,,,,,,,,,,,,,
product_5d6c82d6-15b4-2fa7-ced4-b1f17203f825,Variant,,,,,70,,,0,TRUE,,,20,,,,M,,,,,,,,,,,,,,,,,,,,,,,,,,,,,,,,,
product_5d6c82d6-15b4-2fa7-ced4-b1f17203f825,Variant,,,,,71,,,0,TRUE,,,20,,,,L,,,,,,,,,,,,,,,,,,,,,,,,,,,,,,,,,
product_8f6b45fd-a13d-4a57-a962-a8ee42b31664,Product,Give Me Jesus Sticker/Decal,"<p>This 5.5X5.5 inch sticker is printed on durable, high opacity adhesive vinyl which makes it perfect for regular use. Can be used for Car Decals, Wall Art/Decal, Laptop/Ipad/Phone Decor, and so much more, as well as for covering other stickers or paint. The high-quality vinyl ensures there are no bubbles when applying.</p><p><br>• High opacity film that’s impossible to see through<br>• Fast and easy bubble-free application<br>• Durable vinyl, perfect for indoor use<br>• 95µ density<br><br>Don't forget to clean the surface before applying the sticker.</p>",8e5da9_1b628cdd436147009c26bf70494c923f~mv2.jpg,Stickers,5F658EA4A059D_10165,,3.97,,TRUE,PERCENT,0,InStock,0,,,,,,,,,,,,,,,,,,,,,,,,,,,,,,,,,,,,
product_ac1f806b-ab2c-4710-8772-ae8558a1d247,Product,Anchored Sticker/Decal,"<p>This 5.5X5.5 inch sticker is printed on durable, high opacity adhesive vinyl which makes it perfect for regular use. Can be used for Car Decals, Wall Art/Decal, Laptop/Ipad/Phone Decor, and so much more, as well as for covering other stickers or paint. The high-quality vinyl ensures there are no bubbles when applying.<br><br>• High opacity film that’s impossible to see through<br>• Fast and easy bubble-free application<br>• Durable vinyl, perfect for indoor use<br>• 95µ density<br><br>Don't forget to clean the surface before applying the sticker.</p>",8e5da9_68dd5eb9c80e4255927852d4565f897b~mv2.jpg,Stickers,5F5D9E30E1A45_10165,,3.97,,TRUE,PERCENT,0,InStock,0,,,,,,,,,,,,,,,,,,,,,,,,,,,,,,,,,,,,
product_6d5d02e5-4a7a-459c-84b0-8055d4684673,Product,Proverbs 31:25 Sticker/Decal,"<p>This 5.5X5.5 inch sticker is printed on durable, high opacity adhesive vinyl which makes it perfect for regular use. Can be used for Car Decals, Wall Art/Decal, Laptop/Ipad/Phone Decor, and so much more, as well as for covering other stickers or paint. The high-quality vinyl ensures there are no bubbles when applying.</p><p>&nbsp;</p><p>• High opacity film that’s impossible to see through<br>• Fast and easy bubble-free application<br>• Durable vinyl, perfect for indoor use<br>• 95µ density<br><br>Don't forget to clean the surface before applying the sticker.</p>",8e5da9_097d1b501b944728b8331ee13349510c~mv2.jpg,Stickers,5F5D9B75EAFA1_10165,,3.97,,TRUE,PERCENT,0,InStock,0,,,,,,,,,,,,,,,,,,,,,,,,,,,,,,,,,,,,
product_d42d4c94-1e18-4fb5-8017-a27651caaeeb,Product,My Guide Sticker/Decal,"<p>This&nbsp;5.5X5.5 inch sticker&nbsp;is printed on durable, high opacity adhesive vinyl which makes it&nbsp;perfect for regular use. Can be used for Car Decals, Wall Art/Decal, Laptop/Ipad/Phone Decor, and so much more, as well as for covering other stickers or paint. The high-quality vinyl ensures there are no bubbles when applying.<br><br>• High opacity film that’s impossible to see through<br>• Fast and easy bubble-free application<br>• Durable vinyl, perfect for indoor use<br>• 95µ density<br><br>Don't forget to clean the surface before applying the sticker.</p>",8e5da9_d76ee66b5f324797a72ce67aa3af2f13~mv2.jpg,Stickers,5F5601AA7DC63_10164,,3.97,,TRUE,PERCENT,0,InStock,0,,,,,,,,,,,,,,,,,,,,,,,,,,,,,,,,,,,,
product_c19c57ef-c137-4096-a248-f537646d43d1,Product,Faith Sticker/Decal,"<p>This 5.5X5.5 inch sticker is printed on durable, high opacity adhesive vinyl which makes it perfect for regular use. Can be used for Car Decals, Wall Art/Decal, Laptop/Ipad/Phone Decor, and so much more, as well as for covering other stickers or paint. The high-quality vinyl ensures there are no bubbles when applying.<br><br>• High opacity film that’s impossible to see through<br>• Fast and easy bubble-free application<br>• Durable vinyl, perfect for indoor use<br>• 95µ density<br><br>Don't forget to clean the surface before applying the sticker.</p>",8e5da9_b42019c2333240a8b55719d779d6967f~mv2.jpg,Stickers,5F55F3D59CFBD_10164,,3.97,,TRUE,PERCENT,0,InStock,0,,,,,,,,,,,,,,,,,,,,,,,,,,,,,,,,,,,,
product_15fb3e89-b65c-4229-9305-03fa00b5d258,Product,Thy Word Sticker/Decal,"<p>This 5.5X5.5 inch sticker is printed on durable, high opacity adhesive vinyl which makes it perfect for regular use. Can be used for Car Decals, Wall Art/Decal, Laptop/Ipad/Phone Decor, and so much more, as well as for covering other stickers or paint. The high-quality vinyl ensures there are no bubbles when applying.<br><br>• High opacity film that’s impossible to see through<br>• Fast and easy bubble-free application<br>• Durable vinyl, perfect for indoor use<br>• 95µ density<br><br>Don't forget to clean the surface before applying the sticker.</p>",8e5da9_dd2652f316f049e09350f1cf00b2b385~mv2.jpg,Stickers,5F55F3821A334_10164,,3.97,,TRUE,PERCENT,0,InStock,0,,,,,,,,,,,,,,,,,,,,,,,,,,,,,,,,,,,,
product_64e9bf2b-8184-4333-a557-b8bbdae74f6e,Product,Jesus Sticker/Decal,"<p>This 5.5X5.5 inch sticker is printed on durable, high opacity adhesive vinyl which makes it perfect for regular use. Can be used for Car Decals, Wall Art/Decal, Laptop/Ipad/Phone Decor, and so much more, as well as for covering other stickers or paint. The high-quality vinyl ensures there are no bubbles when applying.<br><br>• High opacity film that’s impossible to see through<br>• Fast and easy bubble-free application<br>• Durable vinyl, perfect for indoor use<br>• 95µ density<br><br>Don't forget to clean the surface before applying the sticker.</p>",8e5da9_f56490ce22684046ba3dba3686305c9d~mv2.jpg,Stickers,5F55F2C54790A_10164,,3.97,,TRUE,PERCENT,0,InStock,0,,,,,,,,,,,,,,,,,,,,,,,,,,,,,,,,,,,,
product_54f4b05e-1dc2-4430-b29d-9b69378f59b5,Product,Loved Sticker/Decal,"<p>This 5.5X5.5 inch sticker is printed on durable, high opacity adhesive vinyl which makes it perfect for regular use. Can be used for Car Decals, Wall Art/Decal, Laptop/Ipad/Phone Decor, and so much more, as well as for covering other stickers or paint. The high-quality vinyl ensures there are no bubbles when applying.<br><br>• High opacity film that’s impossible to see through<br>• Fast and easy bubble-free application<br>• Durable vinyl, perfect for indoor use<br>• 95µ density<br><br>Don't forget to clean the surface before applying the sticker.</p>",8e5da9_a7de56f5857b4662be1cdab6a5e6d5f4~mv2.jpg,Stickers,5F55F280D4851_10164,,3.97,,TRUE,PERCENT,0,InStock,0,,,,,,,,,,,,,,,,,,,,,,,,,,,,,,,,,,,,
product_f9488bec-3783-4075-b4d4-8552403347e4,Product,He Knows My Name Sticker/Decal,"<p>This 5.5X5.5 inch sticker is printed on durable, high opacity adhesive vinyl which makes it perfect for regular use. Can be used for Car Decals, Wall Art/Decal, Laptop/Ipad/Phone Decor, and so much more, as well as for covering other stickers or paint. The high-quality vinyl ensures there are no bubbles when applying.</p><p><br>• High opacity film that’s impossible to see through<br>• Fast and easy bubble-free application<br>• Durable vinyl, perfect for indoor use<br>• 95µ density<br><br>Don't forget to clean the surface before applying the sticker.</p>",8e5da9_2e4cc27aada24dccabedf366163b8317~mv2.jpg,Stickers,5F55F24A3E953_10164,,3.97,,TRUE,PERCENT,0,InStock,0,,,,,,,,,,,,,,,,,,,,,,,,,,,,,,,,,,,,
product_652c4135-6784-4579-a48b-7df711a45c4f,Product,Free 2 Fly Sticker/Decal,"<p>This 5.5X5.5 inch sticker is printed on durable, high opacity adhesive vinyl which makes it perfect for regular use. Can be used for Car Decals, Wall Art/Decal, Laptop/Ipad/Phone Decor, and so much more, as well as for covering other stickers or paint. The high-quality vinyl ensures there are no bubbles when applying.<br><br>• High opacity film that’s impossible to see through<br>• Fast and easy bubble-free application<br>• Durable vinyl, perfect for indoor use<br>• 95µ density<br><br>Don't forget to clean the surface before applying the sticker.</p>",8e5da9_d7ac489249f849e0be3cd0023bb03cc3~mv2.jpg,Stickers,5F55F01B99BC5_10164,,3.97,,TRUE,PERCENT,0,InStock,0,,,,,,,,,,,,,,,,,,,,,,,,,,,,,,,,,,,,
product_3ca4c078-d7de-4a00-92c0-c7fe115c2271,Product,God's Promise Sticker/Decal,"<p>This 5.5X5.5 inch sticker is printed on durable, high opacity adhesive vinyl which makes it perfect for regular use. Can be used for Car Decals, Wall Art/Decal, Laptop/Ipad/Phone Decor, and so much more, as well as for covering other stickers or paint. The high-quality vinyl ensures there are no bubbles when applying.<br><br>• High opacity film that’s impossible to see through<br>• Fast and easy bubble-free application<br>• Durable vinyl, perfect for indoor use<br>• 95µ density<br><br>Don't forget to clean the surface before applying the sticker.</p>",8e5da9_a4f7560f5bad45528e4571b52f9d793b~mv2.jpg,Stickers,5F55E0853BF73_10164,,3.97,,TRUE,PERCENT,0,InStock,0,,,,,,,,,,,,,,,,,,,,,,,,,,,,,,,,,,,,
product_d5250d40-7820-4584-9240-2ebaf2a16b93,Product,Mercy Grace Favor Sticker/Decal,"<p>This 5.5X5.5 inch sticker is printed on durable, high opacity adhesive vinyl which makes it perfect for regular use. Can be used for Car Decals, Wall Art/Decal, Laptop/Ipad/Phone Decor, and so much more, as well as for covering other stickers or paint. The high-quality vinyl ensures there are no bubbles when applying.<br><br>• High opacity film that’s impossible to see through<br>• Fast and easy bubble-free application<br>• Durable vinyl, perfect for indoor use<br>• 95µ density<br><br>Don't forget to clean the surface before applying the sticker.</p>",8e5da9_b3d0dc0e9e914514a5c76b61b33449ad~mv2.jpg,Stickers,5F55DFE90232C_10164,,3.97,,TRUE,PERCENT,0,InStock,0,,,,,,,,,,,,,,,,,,,,,,,,,,,,,,,,,,,,
product_93b7b06d-aa4a-4f28-975a-098d21cd764b,Product,Carefully Crafted,"<p>This t-shirt is soft and lightweight, with the right amount of stretch. It's comfortable and flattering, perfect for everyday wear.<br><br>• 100% combed and ring-spun cotton (Heather colors contain polyester)<br>• Ash color is 99% combed and ring-spun cotton, 1% polyester<br>• Heather colors are 52% combed and ring-spun cotton, 48% polyester<br>• Athletic and Black Heather are 90% combed and ring-spun cotton, 10% polyester<br>• Heather Prism colors are 99% combed and ring-spun cotton, 1% polyester<br>• Fabric weight: 4.2 oz (142 g/m2)<br>• Pre-shrunk fabric<br>• Shoulder-to-shoulder taping<br>• Side-seamed</p>",8e5da9_be9642ad657643f388b5dcae676c0488~mv2.jpg,Tee's,,,24.99,,TRUE,PERCENT,15,InStock,0,Size,DROP_DOWN,XS;S;M;L;XL;2XL;3XL;4XL,,,,,,,,,,,,,,,,Shipping,"<p>Orders usually ship within 10-15 days. There may be possible delays due to Covid 19.</p>
",,,,,,,,,,,,,,,,
product_93b7b06d-aa4a-4f28-975a-098d21cd764b,Variant,,,,,81,,,4,TRUE,,,InStock,,,,4XL,,,,,,,,,,,,,,,,,,,,,,,,,,,,,,,,,
product_93b7b06d-aa4a-4f28-975a-098d21cd764b,Variant,,,,,77,,,0,TRUE,,,InStock,,,,L,,,,,,,,,,,,,,,,,,,,,,,,,,,,,,,,,
product_93b7b06d-aa4a-4f28-975a-098d21cd764b,Variant,,,,,78,,,0,TRUE,,,InStock,,,,XL,,,,,,,,,,,,,,,,,,,,,,,,,,,,,,,,,
product_93b7b06d-aa4a-4f28-975a-098d21cd764b,Variant,,,,,79,,,2,TRUE,,,InStock,,,,2XL,,,,,,,,,,,,,,,,,,,,,,,,,,,,,,,,,
product_93b7b06d-aa4a-4f28-975a-098d21cd764b,Variant,,,,,74,,,0,TRUE,,,InStock,,,,XS,,,,,,,,,,,,,,,,,,,,,,,,,,,,,,,,,
product_93b7b06d-aa4a-4f28-975a-098d21cd764b,Variant,,,,,75,,,0,TRUE,,,InStock,,,,S,,,,,,,,,,,,,,,,,,,,,,,,,,,,,,,,,
product_93b7b06d-aa4a-4f28-975a-098d21cd764b,Variant,,,,,80,,,4,TRUE,,,InStock,,,,3XL,,,,,,,,,,,,,,,,,,,,,,,,,,,,,,,,,
product_93b7b06d-aa4a-4f28-975a-098d21cd764b,Variant,,,,,76,,,0,TRUE,,,InStock,,,,M,,,,,,,,,,,,,,,,,,,,,,,,,,,,,,,,,
product_69fadd18-2e7f-45b9-a154-4a76eb158b51,Product,Be Still,"<p>This t-shirt is soft and lightweight, with the right amount of stretch. It's comfortable and flattering, perfect for everyday wear.<br><br>• 100% combed and ring-spun cotton (Heather colors contain polyester)<br>• Ash color is 99% combed and ring-spun cotton, 1% polyester<br>• Heather colors are 52% combed and ring-spun cotton, 48% polyester<br>• Athletic and Black Heather are 90% combed and ring-spun cotton, 10% polyester<br>• Heather Prism colors are 99% combed and ring-spun cotton, 1% polyester<br>• Fabric weight: 4.2 oz (142 g/m2)<br>• Pre-shrunk fabric<br>• Shoulder-to-shoulder taping<br>• Side-seamed</p>",8e5da9_551bbfb150bc489f9326ba40147f6e2d~mv2.jpg,New Arrivals;Tee's,,,24.99,,TRUE,PERCENT,15,InStock,0,Size,DROP_DOWN,S;M;L;XL;2XL,,,,,,,,,,,,,,,,Shipping,"<p>Orders usually ship within 10-15 days. There may be possible delays due to Covid 19.</p>
",,,,,,,,,,,,,,,,
product_69fadd18-2e7f-45b9-a154-4a76eb158b51,Variant,,,,,85,,,0,TRUE,,,InStock,,,,XL,,,,,,,,,,,,,,,,,,,,,,,,,,,,,,,,,
product_69fadd18-2e7f-45b9-a154-4a76eb158b51,Variant,,,,,86,,,2,TRUE,,,InStock,,,,2XL,,,,,,,,,,,,,,,,,,,,,,,,,,,,,,,,,
product_69fadd18-2e7f-45b9-a154-4a76eb158b51,Variant,,,,,82,,,0,TRUE,,,InStock,,,,S,,,,,,,,,,,,,,,,,,,,,,,,,,,,,,,,,
product_69fadd18-2e7f-45b9-a154-4a76eb158b51,Variant,,,,,83,,,0,TRUE,,,InStock,,,,M,,,,,,,,,,,,,,,,,,,,,,,,,,,,,,,,,
product_69fadd18-2e7f-45b9-a154-4a76eb158b51,Variant,,,,,84,,,0,TRUE,,,InStock,,,,L,,,,,,,,,,,,,,,,,,,,,,,,,,,,,,,,,
product_3754cac8-5a9d-47fc-bb57-692f5f71bc58,Product,I Am Redeemed T-Shirt,"<p>This t-shirt is soft and lightweight, with the right amount of stretch. It's comfortable and flattering, perfect for everyday wear.<br><br>• 100% combed and ring-spun cotton (Heather colors contain polyester)<br>• Ash color is 99% combed and ring-spun cotton, 1% polyester<br>• Heather colors are 52% combed and ring-spun cotton, 48% polyester<br>• Athletic and Black Heather are 90% combed and ring-spun cotton, 10% polyester<br>• Heather Prism colors are 99% combed and ring-spun cotton, 1% polyester<br>• Fabric weight: 4.2 oz (142 g/m2)<br>• Pre-shrunk fabric<br>• Shoulder-to-shoulder taping<br>• Side-seamed</p>",8e5da9_d22f0c7f4bd84989afedc7fa4c473f0d~mv2.jpg,Tee's,,,24.99,,TRUE,PERCENT,15,InStock,0,Size,DROP_DOWN,S;M;L;XL;2XL;3XL;4XL,,,,,,,,,,,,,,,,Shipping,"<p>Orders usually ship within 10-15 days. There may be possible delays due to Covid 19.</p>
",,,,,,,,,,,,,,,,
product_3754cac8-5a9d-47fc-bb57-692f5f71bc58,Variant,,,,,90,,,0,TRUE,,,InStock,,,,XL,,,,,,,,,,,,,,,,,,,,,,,,,,,,,,,,,
product_3754cac8-5a9d-47fc-bb57-692f5f71bc58,Variant,,,,,91,,,2,TRUE,,,InStock,,,,2XL,,,,,,,,,,,,,,,,,,,,,,,,,,,,,,,,,
product_3754cac8-5a9d-47fc-bb57-692f5f71bc58,Variant,,,,,92,,,4,TRUE,,,InStock,,,,3XL,,,,,,,,,,,,,,,,,,,,,,,,,,,,,,,,,
product_3754cac8-5a9d-47fc-bb57-692f5f71bc58,Variant,,,,,87,,,0,TRUE,,,InStock,,,,S,,,,,,,,,,,,,,,,,,,,,,,,,,,,,,,,,
product_3754cac8-5a9d-47fc-bb57-692f5f71bc58,Variant,,,,,88,,,0,TRUE,,,InStock,,,,M,,,,,,,,,,,,,,,,,,,,,,,,,,,,,,,,,
product_3754cac8-5a9d-47fc-bb57-692f5f71bc58,Variant,,,,,93,,,4,TRUE,,,InStock,,,,4XL,,,,,,,,,,,,,,,,,,,,,,,,,,,,,,,,,
product_3754cac8-5a9d-47fc-bb57-692f5f71bc58,Variant,,,,,89,,,0,TRUE,,,InStock,,,,L,,,,,,,,,,,,,,,,,,,,,,,,,,,,,,,,,
product_8e5343ae-c49b-417f-847e-bb8f5c25c445,Product,Its a Lifestyle T-Shirt,"<p>This t-shirt is soft and lightweight, with the right amount of stretch. It's comfortable and flattering, perfect for everyday wear.<br><br>• 100% combed and ring-spun cotton (Heather colors contain polyester)<br>• Ash color is 99% combed and ring-spun cotton, 1% polyester<br>• Heather colors are 52% combed and ring-spun cotton, 48% polyester<br>• Athletic and Black Heather are 90% combed and ring-spun cotton, 10% polyester<br>• Heather Prism colors are 99% combed and ring-spun cotton, 1% polyester<br>• Fabric weight: 4.2 oz (142 g/m2)<br>• Pre-shrunk fabric<br>• Shoulder-to-shoulder taping<br>• Side-seamed</p>",8e5da9_50d494e429c84ebebe7081c6b9f096ef~mv2.jpg,Tee's,,,24.99,,TRUE,PERCENT,15,InStock,0,Size,DROP_DOWN,S;M;L;XL;2XL;3XL;4XL,,,,,,,,,,,,,,,,Shipping,"<p>Orders usually ship within 10-15 days. There may be possible delays due to Covid 19.</p>
",,,,,,,,,,,,,,,,
product_8e5343ae-c49b-417f-847e-bb8f5c25c445,Variant,,,,,97,,,0,TRUE,,,InStock,,,,XL,,,,,,,,,,,,,,,,,,,,,,,,,,,,,,,,,
product_8e5343ae-c49b-417f-847e-bb8f5c25c445,Variant,,,,,98,,,2,TRUE,,,InStock,,,,2XL,,,,,,,,,,,,,,,,,,,,,,,,,,,,,,,,,
product_8e5343ae-c49b-417f-847e-bb8f5c25c445,Variant,,,,,99,,,4,TRUE,,,InStock,,,,3XL,,,,,,,,,,,,,,,,,,,,,,,,,,,,,,,,,
product_8e5343ae-c49b-417f-847e-bb8f5c25c445,Variant,,,,,94,,,0,TRUE,,,InStock,,,,S,,,,,,,,,,,,,,,,,,,,,,,,,,,,,,,,,
product_8e5343ae-c49b-417f-847e-bb8f5c25c445,Variant,,,,,95,,,0,TRUE,,,InStock,,,,M,,,,,,,,,,,,,,,,,,,,,,,,,,,,,,,,,
product_8e5343ae-c49b-417f-847e-bb8f5c25c445,Variant,,,,,100,,,4,TRUE,,,InStock,,,,4XL,,,,,,,,,,,,,,,,,,,,,,,,,,,,,,,,,
product_8e5343ae-c49b-417f-847e-bb8f5c25c445,Variant,,,,,96,,,0,TRUE,,,InStock,,,,L,,,,,,,,,,,,,,,,,,,,,,,,,,,,,,,,,
product_3fb16658-c8b3-4e66-aa4b-432b9335de19,Product,Jesus Saves Hoodie,"A soft and comfy unisex hoodie that fits all your hoodie needs. The fleece fabric makes it a great partner all year round, be it a summer evening on the beach, or a Christmas dinner in a mountain cabin. <br> <br>• 52% airlume combed and ring-spun cotton, 48% poly fleece* <br>• Hood <br>• Side seamed <br>• Retail fit <br> <br>*Heather Colors: 60% airlume combed and ring-spun cotton, 40% poly fleece <br> <br>The male model is wearing size M. He's 6.0 feet (183 cm) tall, chest circumference 42.5"" (108 cm), waist circumference 33.5"" (85 cm). <br> <br>The female model is wearing a size M. She's 5.8 feet (178 cm) tall, chest circumference 34.6"" (88 cm), waist circumference 27.1"" (69 cm) and hip circumference 37.7"" (96 cm).",8e5da9_a94d1a8fc70b4387b52b93ccfe677ae1~mv2.jpg;8e5da9_6100c8b1b5d240a4bdbc92eb3c0a9242~mv2.jpg,Hoodies,,,46.99,,TRUE,AMOUNT,5,InStock,0,Size,DROP_DOWN,S;M;L;XL;2XL,,,,,,,,,,,,,,,,Shipping,"<p>Orders usually ship within 10-15 days. There may be possible delays due to Covid 19.</p>
",,,,,,,,,,,,,,,,
product_3fb16658-c8b3-4e66-aa4b-432b9335de19,Variant,,,,,104,,,0,TRUE,,,InStock,,,,XL,,,,,,,,,,,,,,,,,,,,,,,,,,,,,,,,,
product_3fb16658-c8b3-4e66-aa4b-432b9335de19,Variant,,,,,105,,,2,TRUE,,,InStock,,,,2XL,,,,,,,,,,,,,,,,,,,,,,,,,,,,,,,,,
product_3fb16658-c8b3-4e66-aa4b-432b9335de19,Variant,,,,,101,,,0,TRUE,,,InStock,,,,S,,,,,,,,,,,,,,,,,,,,,,,,,,,,,,,,,
product_3fb16658-c8b3-4e66-aa4b-432b9335de19,Variant,,,,,102,,,0,TRUE,,,InStock,,,,M,,,,,,,,,,,,,,,,,,,,,,,,,,,,,,,,,
product_3fb16658-c8b3-4e66-aa4b-432b9335de19,Variant,,,,,103,,,0,TRUE,,,InStock,,,,L,,,,,,,,,,,,,,,,,,,,,,,,,,,,,,,,,
product_b1766786-1b42-4dc2-9454-b084b7bb2fad,Product,Kindness + Compassion Hoodie,"A soft and comfy unisex hoodie that fits all your hoodie needs. The fleece fabric makes it a great partner all year round, be it a summer evening on the beach, or a Christmas dinner in a mountain cabin. <br> <br>• 52% airlume combed and ring-spun cotton, 48% poly fleece* <br>• Hood <br>• Side seamed <br>• Retail fit <br> <br>*Heather Colors: 60% airlume combed and ring-spun cotton, 40% poly fleece <br> <br>The male model is wearing size M. He's 6.0 feet (183 cm) tall, chest circumference 42.5"" (108 cm), waist circumference 33.5"" (85 cm). <br> <br>The female model is wearing a size M. She's 5.8 feet (178 cm) tall, chest circumference 34.6"" (88 cm), waist circumference 27.1"" (69 cm) and hip circumference 37.7"" (96 cm).",8e5da9_2cdb83d67c704b4c9764da67e67c143d~mv2.jpg,Hoodies,,,46.99,,TRUE,AMOUNT,5,InStock,0,Size,DROP_DOWN,S;M;L;XL;2XL,,,,,,,,,,,,,,,,Shipping,"<p>Orders usually ship within 10-15 days. There may be possible delays due to Covid 19.</p>
",,,,,,,,,,,,,,,,
product_b1766786-1b42-4dc2-9454-b084b7bb2fad,Variant,,,,,109,,,0,TRUE,,,InStock,,,,XL,,,,,,,,,,,,,,,,,,,,,,,,,,,,,,,,,
product_b1766786-1b42-4dc2-9454-b084b7bb2fad,Variant,,,,,110,,,2,TRUE,,,InStock,,,,2XL,,,,,,,,,,,,,,,,,,,,,,,,,,,,,,,,,
product_b1766786-1b42-4dc2-9454-b084b7bb2fad,Variant,,,,,106,,,0,TRUE,,,InStock,,,,S,,,,,,,,,,,,,,,,,,,,,,,,,,,,,,,,,
product_b1766786-1b42-4dc2-9454-b084b7bb2fad,Variant,,,,,107,,,0,TRUE,,,InStock,,,,M,,,,,,,,,,,,,,,,,,,,,,,,,,,,,,,,,
product_b1766786-1b42-4dc2-9454-b084b7bb2fad,Variant,,,,,108,,,0,TRUE,,,InStock,,,,L,,,,,,,,,,,,,,,,,,,,,,,,,,,,,,,,,
product_74f18f34-1625-447f-a8f2-c53f43edaee1,Product,When We Pray Hoodie,"A soft and comfy unisex hoodie that fits all your hoodie needs. The fleece fabric makes it a great partner all year round, be it a summer evening on the beach, or a Christmas dinner in a mountain cabin. <br> <br>• 52% airlume combed and ring-spun cotton, 48% poly fleece* <br>• Hood <br>• Side seamed <br>• Retail fit <br> <br>*Heather Colors: 60% airlume combed and ring-spun cotton, 40% poly fleece <br> <br>The male model is wearing size M. He's 6.0 feet (183 cm) tall, chest circumference 42.5"" (108 cm), waist circumference 33.5"" (85 cm). <br> <br>The female model is wearing a size M. She's 5.8 feet (178 cm) tall, chest circumference 34.6"" (88 cm), waist circumference 27.1"" (69 cm) and hip circumference 37.7"" (96 cm).",8e5da9_0de8f050dea049f289745353002e1156~mv2.jpg,Hoodies,,,46.99,,TRUE,AMOUNT,5,InStock,0,Size,DROP_DOWN,S;M;L;XL;2XL,,,,,,,,,,,,,,,,Shipping,"<p>Orders usually ship within 10-15 days. There may be possible delays due to Covid 19.</p>
",,,,,,,,,,,,,,,,
product_74f18f34-1625-447f-a8f2-c53f43edaee1,Variant,,,,,114,,,0,TRUE,,,InStock,,,,XL,,,,,,,,,,,,,,,,,,,,,,,,,,,,,,,,,
product_74f18f34-1625-447f-a8f2-c53f43edaee1,Variant,,,,,115,,,2,TRUE,,,InStock,,,,2XL,,,,,,,,,,,,,,,,,,,,,,,,,,,,,,,,,
product_74f18f34-1625-447f-a8f2-c53f43edaee1,Variant,,,,,111,,,0,TRUE,,,InStock,,,,S,,,,,,,,,,,,,,,,,,,,,,,,,,,,,,,,,
product_74f18f34-1625-447f-a8f2-c53f43edaee1,Variant,,,,,112,,,0,TRUE,,,InStock,,,,M,,,,,,,,,,,,,,,,,,,,,,,,,,,,,,,,,
product_74f18f34-1625-447f-a8f2-c53f43edaee1,Variant,,,,,113,,,0,TRUE,,,InStock,,,,L,,,,,,,,,,,,,,,,,,,,,,,,,,,,,,,,,
product_fc1c7372-cb11-4a80-a9da-84f7ecebfbfd,Product,Humility Hoodie,"A soft and comfy unisex hoodie that fits all your hoodie needs. The fleece fabric makes it a great partner all year round, be it a summer evening on the beach, or a Christmas dinner in a mountain cabin. <br> <br>• 52% airlume combed and ring-spun cotton, 48% poly fleece* <br>• Hood <br>• Side seamed <br>• Retail fit <br> <br>*Heather Colors: 60% airlume combed and ring-spun cotton, 40% poly fleece <br> <br>The male model is wearing size M. He's 6.0 feet (183 cm) tall, chest circumference 42.5"" (108 cm), waist circumference 33.5"" (85 cm). <br> <br>The female model is wearing a size M. She's 5.8 feet (178 cm) tall, chest circumference 34.6"" (88 cm), waist circumference 27.1"" (69 cm) and hip circumference 37.7"" (96 cm).",8e5da9_52c76b9aba5d4da3adc324126491e0bd~mv2.jpg,Hoodies,,,46.99,,TRUE,AMOUNT,5,InStock,0,Size,DROP_DOWN,S;M;L;XL;2XL,,,,,,,,,,,,,,,,Shipping,"<p>Orders usually ship within 10-15 days. There may be possible delays due to Covid 19.</p>
",,,,,,,,,,,,,,,,
product_fc1c7372-cb11-4a80-a9da-84f7ecebfbfd,Variant,,,,,119,,,0,TRUE,,,InStock,,,,XL,,,,,,,,,,,,,,,,,,,,,,,,,,,,,,,,,
product_fc1c7372-cb11-4a80-a9da-84f7ecebfbfd,Variant,,,,,120,,,2,TRUE,,,InStock,,,,2XL,,,,,,,,,,,,,,,,,,,,,,,,,,,,,,,,,
product_fc1c7372-cb11-4a80-a9da-84f7ecebfbfd,Variant,,,,,116,,,0,TRUE,,,InStock,,,,S,,,,,,,,,,,,,,,,,,,,,,,,,,,,,,,,,
product_fc1c7372-cb11-4a80-a9da-84f7ecebfbfd,Variant,,,,,117,,,0,TRUE,,,InStock,,,,M,,,,,,,,,,,,,,,,,,,,,,,,,,,,,,,,,
product_fc1c7372-cb11-4a80-a9da-84f7ecebfbfd,Variant,,,,,118,,,0,TRUE,,,InStock,,,,L,,,,,,,,,,,,,,,,,,,,,,,,,,,,,,,,,
product_cd6d0b20-3b1e-431e-be46-f19703c040c3,Product,It Is Well T-Shirt,"<p>This t-shirt is soft and lightweight, with the right amount of stretch. It's comfortable and flattering, perfect for everyday wear.<br><br>• 100% combed and ring-spun cotton (Heather colors contain polyester)<br>• Ash color is 99% combed and ring-spun cotton, 1% polyester<br>• Heather colors are 52% combed and ring-spun cotton, 48% polyester<br>• Athletic and Black Heather are 90% combed and ring-spun cotton, 10% polyester<br>• Heather Prism colors are 99% combed and ring-spun cotton, 1% polyester<br>• Fabric weight: 4.2 oz (142 g/m2)<br>• Pre-shrunk fabric<br>• Shoulder-to-shoulder taping<br>• Side-seamed</p>",8e5da9_15c9ac0a966e4e4c94c1c9a72cbc009e~mv2.jpg,New Arrivals;Tee's,,,24.99,,TRUE,PERCENT,15,InStock,0,Size,DROP_DOWN,XS;S;M;L;XL;2XL;3XL;4XL,,,,,,,,,,,,,,,,Shipping,"<p>Orders usually ship within 10-15 days. There may be possible delays due to Covid 19.</p>
",,,,,,,,,,,,,,,,
product_cd6d0b20-3b1e-431e-be46-f19703c040c3,Variant,,,,,128,,,4,TRUE,,,InStock,,,,4XL,,,,,,,,,,,,,,,,,,,,,,,,,,,,,,,,,
product_cd6d0b20-3b1e-431e-be46-f19703c040c3,Variant,,,,,124,,,0,TRUE,,,InStock,,,,L,,,,,,,,,,,,,,,,,,,,,,,,,,,,,,,,,
product_cd6d0b20-3b1e-431e-be46-f19703c040c3,Variant,,,,,125,,,0,TRUE,,,InStock,,,,XL,,,,,,,,,,,,,,,,,,,,,,,,,,,,,,,,,
product_cd6d0b20-3b1e-431e-be46-f19703c040c3,Variant,,,,,126,,,2,TRUE,,,InStock,,,,2XL,,,,,,,,,,,,,,,,,,,,,,,,,,,,,,,,,
product_cd6d0b20-3b1e-431e-be46-f19703c040c3,Variant,,,,,121,,,0,TRUE,,,InStock,,,,XS,,,,,,,,,,,,,,,,,,,,,,,,,,,,,,,,,
product_cd6d0b20-3b1e-431e-be46-f19703c040c3,Variant,,,,,122,,,0,TRUE,,,InStock,,,,S,,,,,,,,,,,,,,,,,,,,,,,,,,,,,,,,,
product_cd6d0b20-3b1e-431e-be46-f19703c040c3,Variant,,,,,127,,,4,TRUE,,,InStock,,,,3XL,,,,,,,,,,,,,,,,,,,,,,,,,,,,,,,,,
product_cd6d0b20-3b1e-431e-be46-f19703c040c3,Variant,,,,,123,,,0,TRUE,,,InStock,,,,M,,,,,,,,,,,,,,,,,,,,,,,,,,,,,,,,,
product_b5293d65-fbcd-44e2-aacd-66e06e9e714e,Product,Kindness T-Shirt,"<p>This t-shirt is soft and lightweight, with the right amount of stretch. It's comfortable and flattering, perfect for everyday wear.<br><br>• 100% combed and ring-spun cotton (Heather colors contain polyester)<br>• Ash color is 99% combed and ring-spun cotton, 1% polyester<br>• Heather colors are 52% combed and ring-spun cotton, 48% polyester<br>• Athletic and Black Heather are 90% combed and ring-spun cotton, 10% polyester<br>• Heather Prism colors are 99% combed and ring-spun cotton, 1% polyester<br>• Fabric weight: 4.2 oz (142 g/m2)<br>• Pre-shrunk fabric<br>• Shoulder-to-shoulder taping<br>• Side-seamed</p>",8e5da9_6ffa449abce54b4685f81fe4cf7ad751~mv2.jpg,Tee's,,,24.99,,TRUE,PERCENT,15,InStock,0,Size,DROP_DOWN,XS;S;M;L;XL;2XL;3XL;4XL,,,,,,,,,,,,,,,,Shipping,"<p>Orders usually ship within 10-15 days. There may be possible delays due to Covid 19.</p>
",,,,,,,,,,,,,,,,
product_b5293d65-fbcd-44e2-aacd-66e06e9e714e,Variant,,,,,136,,,4,TRUE,,,InStock,,,,4XL,,,,,,,,,,,,,,,,,,,,,,,,,,,,,,,,,
product_b5293d65-fbcd-44e2-aacd-66e06e9e714e,Variant,,,,,132,,,0,TRUE,,,InStock,,,,L,,,,,,,,,,,,,,,,,,,,,,,,,,,,,,,,,
product_b5293d65-fbcd-44e2-aacd-66e06e9e714e,Variant,,,,,133,,,0,TRUE,,,InStock,,,,XL,,,,,,,,,,,,,,,,,,,,,,,,,,,,,,,,,
product_b5293d65-fbcd-44e2-aacd-66e06e9e714e,Variant,,,,,134,,,2,TRUE,,,InStock,,,,2XL,,,,,,,,,,,,,,,,,,,,,,,,,,,,,,,,,
product_b5293d65-fbcd-44e2-aacd-66e06e9e714e,Variant,,,,,129,,,0,TRUE,,,InStock,,,,XS,,,,,,,,,,,,,,,,,,,,,,,,,,,,,,,,,
product_b5293d65-fbcd-44e2-aacd-66e06e9e714e,Variant,,,,,130,,,0,TRUE,,,InStock,,,,S,,,,,,,,,,,,,,,,,,,,,,,,,,,,,,,,,
product_b5293d65-fbcd-44e2-aacd-66e06e9e714e,Variant,,,,,135,,,4,TRUE,,,InStock,,,,3XL,,,,,,,,,,,,,,,,,,,,,,,,,,,,,,,,,
product_b5293d65-fbcd-44e2-aacd-66e06e9e714e,Variant,,,,,131,,,0,TRUE,,,InStock,,,,M,,,,,,,,,,,,,,,,,,,,,,,,,,,,,,,,,
product_edc89a4a-6ee3-4968-b796-1685b4389b29,Product,Be The Light T-Shirt,"<p>This t-shirt is soft and lightweight, with the right amount of stretch. It's comfortable and flattering, perfect for everyday wear.<br><br>• 100% combed and ring-spun cotton (Heather colors contain polyester)<br>• Ash color is 99% combed and ring-spun cotton, 1% polyester<br>• Heather colors are 52% combed and ring-spun cotton, 48% polyester<br>• Athletic and Black Heather are 90% combed and ring-spun cotton, 10% polyester<br>• Heather Prism colors are 99% combed and ring-spun cotton, 1% polyester<br>• Fabric weight: 4.2 oz (142 g/m2)<br>• Pre-shrunk fabric<br>• Shoulder-to-shoulder taping<br>• Side-seamed</p>",8e5da9_4d3d5e1dc16541e79add7bf0b2183617~mv2.jpg,New Arrivals;Tee's,,,24.99,,TRUE,PERCENT,15,InStock,0,Size,DROP_DOWN,S;M;L;XL;2XL,,,,,,,,,,,,,,,,Shipping,"<p>Orders usually ship within 10-15 days. There may be possible delays due to Covid 19.</p>
",,,,,,,,,,,,,,,,
product_edc89a4a-6ee3-4968-b796-1685b4389b29,Variant,,,,,140,,,0,TRUE,,,InStock,,,,XL,,,,,,,,,,,,,,,,,,,,,,,,,,,,,,,,,
product_edc89a4a-6ee3-4968-b796-1685b4389b29,Variant,,,,,141,,,2,TRUE,,,InStock,,,,2XL,,,,,,,,,,,,,,,,,,,,,,,,,,,,,,,,,
product_edc89a4a-6ee3-4968-b796-1685b4389b29,Variant,,,,,137,,,0,TRUE,,,InStock,,,,S,,,,,,,,,,,,,,,,,,,,,,,,,,,,,,,,,
product_edc89a4a-6ee3-4968-b796-1685b4389b29,Variant,,,,,138,,,0,TRUE,,,InStock,,,,M,,,,,,,,,,,,,,,,,,,,,,,,,,,,,,,,,
product_edc89a4a-6ee3-4968-b796-1685b4389b29,Variant,,,,,139,,,0,TRUE,,,InStock,,,,L,,,,,,,,,,,,,,,,,,,,,,,,,,,,,,,,,
product_1b335987-7e16-408b-b03e-b3a384e1239a,Product,Truth Matters T-Shirt,"<p>This t-shirt is soft and lightweight, with the right amount of stretch. It's comfortable and flattering, perfect for everyday wear.<br><br>• 100% combed and ring-spun cotton (Heather colors contain polyester)<br>• Ash color is 99% combed and ring-spun cotton, 1% polyester<br>• Heather colors are 52% combed and ring-spun cotton, 48% polyester<br>• Athletic and Black Heather are 90% combed and ring-spun cotton, 10% polyester<br>• Heather Prism colors are 99% combed and ring-spun cotton, 1% polyester<br>• Fabric weight: 4.2 oz (142 g/m2)<br>• Pre-shrunk fabric<br>• Shoulder-to-shoulder taping<br>• Side-seamed</p>",8e5da9_4c775efdb03b40709e922ec5957e0e15~mv2.jpg,Tee's,,,24.99,,TRUE,PERCENT,15,InStock,0,Size,DROP_DOWN,XS;S;M;L;XL;2XL;3XL;4XL,,,,,,,,,,,,,,,,Shipping,"<p>Orders usually ship within 10-15 days. There may be possible delays due to Covid 19.</p>
",,,,,,,,,,,,,,,,
product_1b335987-7e16-408b-b03e-b3a384e1239a,Variant,,,,,149,,,4,TRUE,,,InStock,,,,4XL,,,,,,,,,,,,,,,,,,,,,,,,,,,,,,,,,
product_1b335987-7e16-408b-b03e-b3a384e1239a,Variant,,,,,145,,,0,TRUE,,,InStock,,,,L,,,,,,,,,,,,,,,,,,,,,,,,,,,,,,,,,
product_1b335987-7e16-408b-b03e-b3a384e1239a,Variant,,,,,146,,,0,TRUE,,,InStock,,,,XL,,,,,,,,,,,,,,,,,,,,,,,,,,,,,,,,,
product_1b335987-7e16-408b-b03e-b3a384e1239a,Variant,,,,,147,,,2,TRUE,,,InStock,,,,2XL,,,,,,,,,,,,,,,,,,,,,,,,,,,,,,,,,
product_1b335987-7e16-408b-b03e-b3a384e1239a,Variant,,,,,142,,,0,TRUE,,,InStock,,,,XS,,,,,,,,,,,,,,,,,,,,,,,,,,,,,,,,,
product_1b335987-7e16-408b-b03e-b3a384e1239a,Variant,,,,,143,,,0,TRUE,,,InStock,,,,S,,,,,,,,,,,,,,,,,,,,,,,,,,,,,,,,,
product_1b335987-7e16-408b-b03e-b3a384e1239a,Variant,,,,,148,,,4,TRUE,,,InStock,,,,3XL,,,,,,,,,,,,,,,,,,,,,,,,,,,,,,,,,
product_1b335987-7e16-408b-b03e-b3a384e1239a,Variant,,,,,144,,,0,TRUE,,,InStock,,,,M,,,,,,,,,,,,,,,,,,,,,,,,,,,,,,,,,
product_a4c40be6-74d6-4f9f-b754-f90c2af1067a,Product,Original Pure Authentic T-Shirt,"<p>This t-shirt is soft and lightweight, with the right amount of stretch. It's comfortable and flattering, perfect for everyday wear.</p><p><br>• 100% combed and ring-spun cotton (Heather colors contain polyester)<br>• Ash color is 99% combed and ring-spun cotton, 1% polyester<br>• Heather colors are 52% combed and ring-spun cotton, 48% polyester<br>• Athletic and Black Heather are 90% combed and ring-spun cotton, 10% polyester<br>• Heather Prism colors are 99% combed and ring-spun cotton, 1% polyester<br>• Fabric weight: 4.2 oz (142 g/m2)<br>• Pre-shrunk fabric<br>• Shoulder-to-shoulder taping<br>• Side-seamed</p>",8e5da9_136237313cf6451f9f86302f2baa15ff~mv2.jpg,Tee's,,,24.99,,TRUE,PERCENT,15,InStock,0,Size,DROP_DOWN,XS;S;M;L;XL;2XL;3XL;4XL,,,,,,,,,,,,,,,,Shipping,"<p>Orders usually ship within 10-15 days. There may be possible delays due to Covid 19.</p>
",,,,,,,,,,,,,,,,
product_a4c40be6-74d6-4f9f-b754-f90c2af1067a,Variant,,,,,157,,,4,TRUE,,,InStock,,,,4XL,,,,,,,,,,,,,,,,,,,,,,,,,,,,,,,,,
product_a4c40be6-74d6-4f9f-b754-f90c2af1067a,Variant,,,,,153,,,0,TRUE,,,InStock,,,,L,,,,,,,,,,,,,,,,,,,,,,,,,,,,,,,,,
product_a4c40be6-74d6-4f9f-b754-f90c2af1067a,Variant,,,,,154,,,0,TRUE,,,InStock,,,,XL,,,,,,,,,,,,,,,,,,,,,,,,,,,,,,,,,
product_a4c40be6-74d6-4f9f-b754-f90c2af1067a,Variant,,,,,155,,,2,TRUE,,,InStock,,,,2XL,,,,,,,,,,,,,,,,,,,,,,,,,,,,,,,,,
product_a4c40be6-74d6-4f9f-b754-f90c2af1067a,Variant,,,,,150,,,0,TRUE,,,InStock,,,,XS,,,,,,,,,,,,,,,,,,,,,,,,,,,,,,,,,
product_a4c40be6-74d6-4f9f-b754-f90c2af1067a,Variant,,,,,151,,,0,TRUE,,,InStock,,,,S,,,,,,,,,,,,,,,,,,,,,,,,,,,,,,,,,
product_a4c40be6-74d6-4f9f-b754-f90c2af1067a,Variant,,,,,156,,,4,TRUE,,,InStock,,,,3XL,,,,,,,,,,,,,,,,,,,,,,,,,,,,,,,,,
product_a4c40be6-74d6-4f9f-b754-f90c2af1067a,Variant,,,,,152,,,0,TRUE,,,InStock,,,,M,,,,,,,,,,,,,,,,,,,,,,,,,,,,,,,,,
product_e3bb53f0-42c5-4c3a-8caa-de43d8cac84d,Product,Raise a Hallelujah T-Shirt,"<p>This t-shirt is soft and lightweight, with the right amount of stretch. It's comfortable and flattering, perfect for everyday wear.<br><br>• 100% combed and ring-spun cotton (Heather colors contain polyester)<br>• Ash color is 99% combed and ring-spun cotton, 1% polyester<br>• Heather colors are 52% combed and ring-spun cotton, 48% polyester<br>• Athletic and Black Heather are 90% combed and ring-spun cotton, 10% polyester<br>• Heather Prism colors are 99% combed and ring-spun cotton, 1% polyester<br>• Fabric weight: 4.2 oz (142 g/m2)<br>• Pre-shrunk fabric<br>• Shoulder-to-shoulder taping<br>• Side-seamed</p>",8e5da9_463a3c9e5b0848b985f8464d0c8ce04c~mv2.jpg,Tee's,,,24.99,,TRUE,PERCENT,15,InStock,0,Size,DROP_DOWN,XS;S;M;L;XL;2XL;3XL;4XL,,,,,,,,,,,,,,,,Shipping,"<p>Orders usually ship within 10-15 days. There may be possible delays due to Covid 19.</p>
",,,,,,,,,,,,,,,,
product_e3bb53f0-42c5-4c3a-8caa-de43d8cac84d,Variant,,,,,165,,,4,TRUE,,,InStock,,,,4XL,,,,,,,,,,,,,,,,,,,,,,,,,,,,,,,,,
product_e3bb53f0-42c5-4c3a-8caa-de43d8cac84d,Variant,,,,,161,,,0,TRUE,,,InStock,,,,L,,,,,,,,,,,,,,,,,,,,,,,,,,,,,,,,,
product_e3bb53f0-42c5-4c3a-8caa-de43d8cac84d,Variant,,,,,162,,,0,TRUE,,,InStock,,,,XL,,,,,,,,,,,,,,,,,,,,,,,,,,,,,,,,,
product_e3bb53f0-42c5-4c3a-8caa-de43d8cac84d,Variant,,,,,163,,,2,TRUE,,,InStock,,,,2XL,,,,,,,,,,,,,,,,,,,,,,,,,,,,,,,,,
product_e3bb53f0-42c5-4c3a-8caa-de43d8cac84d,Variant,,,,,158,,,0,TRUE,,,InStock,,,,XS,,,,,,,,,,,,,,,,,,,,,,,,,,,,,,,,,
product_e3bb53f0-42c5-4c3a-8caa-de43d8cac84d,Variant,,,,,159,,,0,TRUE,,,InStock,,,,S,,,,,,,,,,,,,,,,,,,,,,,,,,,,,,,,,
product_e3bb53f0-42c5-4c3a-8caa-de43d8cac84d,Variant,,,,,164,,,4,TRUE,,,InStock,,,,3XL,,,,,,,,,,,,,,,,,,,,,,,,,,,,,,,,,
product_e3bb53f0-42c5-4c3a-8caa-de43d8cac84d,Variant,,,,,160,,,0,TRUE,,,InStock,,,,M,,,,,,,,,,,,,,,,,,,,,,,,,,,,,,,,,
product_6cdcf1ad-2f22-4923-a7a1-710e7a0745dc,Product,Waiting T-Shirt,"<p>This t-shirt is soft and lightweight, with the right amount of stretch. It's comfortable and flattering, perfect for everyday wear.<br><br>• 100% combed and ring-spun cotton (Heather colors contain polyester)<br>• Ash color is 99% combed and ring-spun cotton, 1% polyester<br>• Heather colors are 52% combed and ring-spun cotton, 48% polyester<br>• Athletic and Black Heather are 90% combed and ring-spun cotton, 10% polyester<br>• Heather Prism colors are 99% combed and ring-spun cotton, 1% polyester<br>• Fabric weight: 4.2 oz (142 g/m2)<br>• Pre-shrunk fabric<br>• Shoulder-to-shoulder taping<br>• Side-seamed</p>",8e5da9_c877207d6f5d4ad7af1f2d161eab98b1~mv2.jpg,Tee's,,,24.99,,TRUE,PERCENT,15,InStock,0,Size,DROP_DOWN,XS;S;M;L;XL;2XL;3XL;4XL,,,,,,,,,,,,,,,,Shipping,"<p>Orders usually ship within 10-15 days. There may be possible delays due to Covid 19.</p>
",,,,,,,,,,,,,,,,
product_6cdcf1ad-2f22-4923-a7a1-710e7a0745dc,Variant,,,,,173,,,4,TRUE,,,InStock,,,,4XL,,,,,,,,,,,,,,,,,,,,,,,,,,,,,,,,,
product_6cdcf1ad-2f22-4923-a7a1-710e7a0745dc,Variant,,,,,169,,,0,TRUE,,,InStock,,,,L,,,,,,,,,,,,,,,,,,,,,,,,,,,,,,,,,
product_6cdcf1ad-2f22-4923-a7a1-710e7a0745dc,Variant,,,,,170,,,0,TRUE,,,InStock,,,,XL,,,,,,,,,,,,,,,,,,,,,,,,,,,,,,,,,
product_6cdcf1ad-2f22-4923-a7a1-710e7a0745dc,Variant,,,,,171,,,2,TRUE,,,InStock,,,,2XL,,,,,,,,,,,,,,,,,,,,,,,,,,,,,,,,,
product_6cdcf1ad-2f22-4923-a7a1-710e7a0745dc,Variant,,,,,166,,,0,TRUE,,,InStock,,,,XS,,,,,,,,,,,,,,,,,,,,,,,,,,,,,,,,,
product_6cdcf1ad-2f22-4923-a7a1-710e7a0745dc,Variant,,,,,167,,,0,TRUE,,,InStock,,,,S,,,,,,,,,,,,,,,,,,,,,,,,,,,,,,,,,
product_6cdcf1ad-2f22-4923-a7a1-710e7a0745dc,Variant,,,,,172,,,4,TRUE,,,InStock,,,,3XL,,,,,,,,,,,,,,,,,,,,,,,,,,,,,,,,,
product_6cdcf1ad-2f22-4923-a7a1-710e7a0745dc,Variant,,,,,168,,,0,TRUE,,,InStock,,,,M,,,,,,,,,,,,,,,,,,,,,,,,,,,,,,,,,
product_486f0892-9548-4fe8-a270-75c71c361ce2,Product,Mountains Moved T-Shirt,"<p>This t-shirt is soft and lightweight, with the right amount of stretch. It's comfortable and flattering, perfect for everyday wear.<br><br>• 100% combed and ring-spun cotton (Heather colors contain polyester)<br>• Ash color is 99% combed and ring-spun cotton, 1% polyester<br>• Heather colors are 52% combed and ring-spun cotton, 48% polyester<br>• Athletic and Black Heather are 90% combed and ring-spun cotton, 10% polyester<br>• Heather Prism colors are 99% combed and ring-spun cotton, 1% polyester<br>• Fabric weight: 4.2 oz (142 g/m2)<br>• Pre-shrunk fabric<br>• Shoulder-to-shoulder taping<br>• Side-seamed</p>",8e5da9_bbfeb5f63b9543b383014c1debd5bc20~mv2.jpg,Tee's,,,24.99,,TRUE,PERCENT,15,InStock,0,Size,DROP_DOWN,S;M;L;XL;2XL;3XL;4XL,,,,,,,,,,,,,,,,Shipping,"<p>Orders usually ship within 10-15 days. There may be possible delays due to Covid 19.</p>
",,,,,,,,,,,,,,,,
product_486f0892-9548-4fe8-a270-75c71c361ce2,Variant,,,,,177,,,0,TRUE,,,InStock,,,,XL,,,,,,,,,,,,,,,,,,,,,,,,,,,,,,,,,
product_486f0892-9548-4fe8-a270-75c71c361ce2,Variant,,,,,178,,,2,TRUE,,,InStock,,,,2XL,,,,,,,,,,,,,,,,,,,,,,,,,,,,,,,,,
product_486f0892-9548-4fe8-a270-75c71c361ce2,Variant,,,,,179,,,4,TRUE,,,InStock,,,,3XL,,,,,,,,,,,,,,,,,,,,,,,,,,,,,,,,,
product_486f0892-9548-4fe8-a270-75c71c361ce2,Variant,,,,,174,,,0,TRUE,,,InStock,,,,S,,,,,,,,,,,,,,,,,,,,,,,,,,,,,,,,,
product_486f0892-9548-4fe8-a270-75c71c361ce2,Variant,,,,,175,,,0,TRUE,,,InStock,,,,M,,,,,,,,,,,,,,,,,,,,,,,,,,,,,,,,,
product_486f0892-9548-4fe8-a270-75c71c361ce2,Variant,,,,,180,,,4,TRUE,,,InStock,,,,4XL,,,,,,,,,,,,,,,,,,,,,,,,,,,,,,,,,
product_486f0892-9548-4fe8-a270-75c71c361ce2,Variant,,,,,176,,,0,TRUE,,,InStock,,,,L,,,,,,,,,,,,,,,,,,,,,,,,,,,,,,,,,
product_683e31b8-b89e-4577-81c9-c428081c04e0,Product,God is Greater T-Shirt,"<p>This t-shirt is soft and lightweight, with the right amount of stretch. It's comfortable and flattering, perfect for everyday wear.<br><br>• 100% combed and ring-spun cotton (Heather colors contain polyester)<br>• Ash color is 99% combed and ring-spun cotton, 1% polyester<br>• Heather colors are 52% combed and ring-spun cotton, 48% polyester<br>• Athletic and Black Heather are 90% combed and ring-spun cotton, 10% polyester<br>• Heather Prism colors are 99% combed and ring-spun cotton, 1% polyester<br>• Fabric weight: 4.2 oz (142 g/m2)<br>• Pre-shrunk fabric<br>• Shoulder-to-shoulder taping<br>• Side-seamed</p>",8e5da9_aa172150039d4863bd2abeca1f3a6510~mv2.jpg,Tee's,,,24.99,,TRUE,PERCENT,15,InStock,0,Size,DROP_DOWN,S;M;L;XL;2XL,,,,,,,,,,,,,,,,Shipping,"<p>Orders usually ship within 10-15 days. There may be possible delays due to Covid 19.</p>
",,,,,,,,,,,,,,,,
product_683e31b8-b89e-4577-81c9-c428081c04e0,Variant,,,,,5F30A97EAD0A7_10355,,,0,TRUE,,,InStock,,,,XL,,,,,,,,,,,,,,,,,,,,,,,,,,,,,,,,,
product_683e31b8-b89e-4577-81c9-c428081c04e0,Variant,,,,,5F30A97EAD0A7_10356,,,2,TRUE,,,InStock,,,,2XL,,,,,,,,,,,,,,,,,,,,,,,,,,,,,,,,,
product_683e31b8-b89e-4577-81c9-c428081c04e0,Variant,,,,,5F30A97EAD0A7_10352,,,0,TRUE,,,InStock,,,,S,,,,,,,,,,,,,,,,,,,,,,,,,,,,,,,,,
product_683e31b8-b89e-4577-81c9-c428081c04e0,Variant,,,,,5F30A97EAD0A7_10353,,,0,TRUE,,,InStock,,,,M,,,,,,,,,,,,,,,,,,,,,,,,,,,,,,,,,
product_683e31b8-b89e-4577-81c9-c428081c04e0,Variant,,,,,5F30A97EAD0A7_10354,,,0,TRUE,,,InStock,,,,L,,,,,,,,,,,,,,,,,,,,,,,,,,,,,,,,,
product_07ea2f97-759d-43e9-9c8b-dcfa9e5b1a89,Product,Gods Good Grace T-Shirt,"<p>This t-shirt is soft and lightweight, with the right amount of stretch. It's comfortable and flattering, perfect for everyday wear.<br><br>• 100% combed and ring-spun cotton (Heather colors contain polyester)<br>• Ash color is 99% combed and ring-spun cotton, 1% polyester<br>• Heather colors are 52% combed and ring-spun cotton, 48% polyester<br>• Athletic and Black Heather are 90% combed and ring-spun cotton, 10% polyester<br>• Heather Prism colors are 99% combed and ring-spun cotton, 1% polyester<br>• Fabric weight: 4.2 oz (142 g/m2)<br>• Pre-shrunk fabric<br>• Shoulder-to-shoulder taping<br>• Side-seamed</p>",8e5da9_6859407fb8c2491ea62ee5689bcff381~mv2.jpg,Tee's,,,24.99,,TRUE,PERCENT,15,InStock,0,Size,DROP_DOWN,S;M;L;XL;2XL;3XL;4XL,,,,,,,,,,,,,,,,Shipping,"<p>Orders usually ship within 10-15 days. There may be possible delays due to Covid 19.</p>
",,,,,,,,,,,,,,,,
product_07ea2f97-759d-43e9-9c8b-dcfa9e5b1a89,Variant,,,,,5F3067D8E0D20_8484,,,0,TRUE,,,InStock,,,,XL,,,,,,,,,,,,,,,,,,,,,,,,,,,,,,,,,
product_07ea2f97-759d-43e9-9c8b-dcfa9e5b1a89,Variant,,,,,5F3067D8E0D20_8485,,,2,TRUE,,,InStock,,,,2XL,,,,,,,,,,,,,,,,,,,,,,,,,,,,,,,,,
product_07ea2f97-759d-43e9-9c8b-dcfa9e5b1a89,Variant,,,,,5F3067D8E0D20_8486,,,2,TRUE,,,OutOfStock,,,,3XL,,,,,,,,,,,,,,,,,,,,,,,,,,,,,,,,,
product_07ea2f97-759d-43e9-9c8b-dcfa9e5b1a89,Variant,,,,,5F3067D8E0D20_8481,,,0,TRUE,,,InStock,,,,S,,,,,,,,,,,,,,,,,,,,,,,,,,,,,,,,,
product_07ea2f97-759d-43e9-9c8b-dcfa9e5b1a89,Variant,,,,,5F3067D8E0D20_8482,,,0,TRUE,,,InStock,,,,M,,,,,,,,,,,,,,,,,,,,,,,,,,,,,,,,,
product_07ea2f97-759d-43e9-9c8b-dcfa9e5b1a89,Variant,,,,,5F3067D8E0D20_8487,,,4,TRUE,,,InStock,,,,4XL,,,,,,,,,,,,,,,,,,,,,,,,,,,,,,,,,
product_07ea2f97-759d-43e9-9c8b-dcfa9e5b1a89,Variant,,,,,5F3067D8E0D20_8483,,,0,TRUE,,,InStock,,,,L,,,,,,,,,,,,,,,,,,,,,,,,,,,,,,,,,
product_5edacd11-ac2e-4222-ae67-1acfdfb44e9e,Product,Love Thy Neighbor T-Shirt,"<p>This t-shirt is soft and lightweight, with the right amount of stretch. It's comfortable and flattering, perfect for everyday wear.<br><br>• 100% combed and ring-spun cotton (Heather colors contain polyester)<br>• Ash color is 99% combed and ring-spun cotton, 1% polyester<br>• Heather colors are 52% combed and ring-spun cotton, 48% polyester<br>• Athletic and Black Heather are 90% combed and ring-spun cotton, 10% polyester<br>• Heather Prism colors are 99% combed and ring-spun cotton, 1% polyester<br>• Fabric weight: 4.2 oz (142 g/m2)<br>• Pre-shrunk fabric<br>• Shoulder-to-shoulder taping<br>• Side-seamed</p>",8e5da9_220351c1f983499a829b48359cba2776~mv2.jpg,Tee's,,,24.99,,TRUE,PERCENT,15,InStock,0,Size,DROP_DOWN,S;M;L;XL;2XL;3XL;4XL,,,,,,,,,,,,,,,,Shipping,"<p>Orders usually ship within 10-15 days. There may be possible delays due to Covid 19.</p>
",,,,,,,,,,,,,,,,
product_5edacd11-ac2e-4222-ae67-1acfdfb44e9e,Variant,,,,,5F2F9B69511F3_9398,,,0,TRUE,,,InStock,,,,XL,,,,,,,,,,,,,,,,,,,,,,,,,,,,,,,,,
product_5edacd11-ac2e-4222-ae67-1acfdfb44e9e,Variant,,,,,5F2F9B69511F3_9399,,,2,TRUE,,,InStock,,,,2XL,,,,,,,,,,,,,,,,,,,,,,,,,,,,,,,,,
product_5edacd11-ac2e-4222-ae67-1acfdfb44e9e,Variant,,,,,5F2F9B69511F3_9400,,,4,TRUE,,,InStock,,,,3XL,,,,,,,,,,,,,,,,,,,,,,,,,,,,,,,,,
product_5edacd11-ac2e-4222-ae67-1acfdfb44e9e,Variant,,,,,5F2F9B69511F3_9395,,,0,TRUE,,,InStock,,,,S,,,,,,,,,,,,,,,,,,,,,,,,,,,,,,,,,
product_5edacd11-ac2e-4222-ae67-1acfdfb44e9e,Variant,,,,,5F2F9B69511F3_9396,,,0,TRUE,,,InStock,,,,M,,,,,,,,,,,,,,,,,,,,,,,,,,,,,,,,,
product_5edacd11-ac2e-4222-ae67-1acfdfb44e9e,Variant,,,,,5F2F9B69511F3_9401,,,4,TRUE,,,InStock,,,,4XL,,,,,,,,,,,,,,,,,,,,,,,,,,,,,,,,,
product_5edacd11-ac2e-4222-ae67-1acfdfb44e9e,Variant,,,,,5F2F9B69511F3_9397,,,0,TRUE,,,InStock,,,,L,,,,,,,,,,,,,,,,,,,,,,,,,,,,,,,,,
product_8ef48f8a-9f0a-4184-800e-fe9eecc2dc56,Product,Loved Free Forgiven T-Shirt,"<p>This t-shirt is soft and lightweight, with the right amount of stretch. It's comfortable and flattering, perfect for everyday wear.<br><br>• 100% combed and ring-spun cotton (Heather colors contain polyester)<br>• Ash color is 99% combed and ring-spun cotton, 1% polyester<br>• Heather colors are 52% combed and ring-spun cotton, 48% polyester<br>• Athletic and Black Heather are 90% combed and ring-spun cotton, 10% polyester<br>• Heather Prism colors are 99% combed and ring-spun cotton, 1% polyester<br>• Fabric weight: 4.2 oz (142 g/m2)<br>• Pre-shrunk fabric<br>• Shoulder-to-shoulder taping<br>• Side-seamed</p>",8e5da9_a6b5f970e8654c3e82c63f6e8a2da4c2~mv2.jpg,Tee's,,,24.99,,TRUE,PERCENT,15,InStock,0,Size,DROP_DOWN,XS;S;M;L;XL;2XL;3XL;4XL,,,,,,,,,,,,,,,,Shipping,"<p>Orders usually ship within 10-15 days. There may be possible delays due to Covid 19.</p>
",,,,,,,,,,,,,,,,
product_8ef48f8a-9f0a-4184-800e-fe9eecc2dc56,Variant,,,,,5F2CE5848837F_5309,,,4,TRUE,,,InStock,,,,4XL,,,,,,,,,,,,,,,,,,,,,,,,,,,,,,,,,
product_8ef48f8a-9f0a-4184-800e-fe9eecc2dc56,Variant,,,,,5F2CE5848837F_4013,,,0,TRUE,,,InStock,,,,L,,,,,,,,,,,,,,,,,,,,,,,,,,,,,,,,,
product_8ef48f8a-9f0a-4184-800e-fe9eecc2dc56,Variant,,,,,5F2CE5848837F_4014,,,0,TRUE,,,InStock,,,,XL,,,,,,,,,,,,,,,,,,,,,,,,,,,,,,,,,
product_8ef48f8a-9f0a-4184-800e-fe9eecc2dc56,Variant,,,,,5F2CE5848837F_4015,,,2,TRUE,,,InStock,,,,2XL,,,,,,,,,,,,,,,,,,,,,,,,,,,,,,,,,
product_8ef48f8a-9f0a-4184-800e-fe9eecc2dc56,Variant,,,,,5F2CE5848837F_9526,,,0,TRUE,,,InStock,,,,XS,,,,,,,,,,,,,,,,,,,,,,,,,,,,,,,,,
product_8ef48f8a-9f0a-4184-800e-fe9eecc2dc56,Variant,,,,,5F2CE5848837F_4011,,,0,TRUE,,,InStock,,,,S,,,,,,,,,,,,,,,,,,,,,,,,,,,,,,,,,
product_8ef48f8a-9f0a-4184-800e-fe9eecc2dc56,Variant,,,,,5F2CE5848837F_5294,,,4,TRUE,,,InStock,,,,3XL,,,,,,,,,,,,,,,,,,,,,,,,,,,,,,,,,
product_8ef48f8a-9f0a-4184-800e-fe9eecc2dc56,Variant,,,,,5F2CE5848837F_4012,,,0,TRUE,,,InStock,,,,M,,,,,,,,,,,,,,,,,,,,,,,,,,,,,,,,,
product_97c7c6d0-00d7-48fc-8c2c-0558136aed9a,Product,Grace Mercy Favor T-Shirt,"<p>This t-shirt is soft and lightweight, with the right amount of stretch. It's comfortable and flattering, perfect for everyday wear.<br><br>• 100% combed and ring-spun cotton (Heather colors contain polyester)<br>• Ash color is 99% combed and ring-spun cotton, 1% polyester<br>• Heather colors are 52% combed and ring-spun cotton, 48% polyester<br>• Athletic and Black Heather are 90% combed and ring-spun cotton, 10% polyester<br>• Heather Prism colors are 99% combed and ring-spun cotton, 1% polyester<br>• Fabric weight: 4.2 oz (142 g/m2)<br>• Pre-shrunk fabric<br>• Shoulder-to-shoulder taping<br>• Side-seamed</p>",8e5da9_2425cb2ebe524bb78a6f2353e2b935c2~mv2.jpg,Tee's,,,24.99,,TRUE,PERCENT,15,InStock,0,Size,DROP_DOWN,S;M;L;XL;2XL,,,,,,,,,,,,,,,,Shipping,"<p>Orders usually ship within 10-15 days. There may be possible delays due to Covid 19.</p>
",,,,,,,,,,,,,,,,
product_97c7c6d0-00d7-48fc-8c2c-0558136aed9a,Variant,,,,,5F29D7F22610A_4149,,,0,TRUE,,,InStock,,,,XL,,,,,,,,,,,,,,,,,,,,,,,,,,,,,,,,,
product_97c7c6d0-00d7-48fc-8c2c-0558136aed9a,Variant,,,,,5F29D7F22610A_4150,,,2,TRUE,,,InStock,,,,2XL,,,,,,,,,,,,,,,,,,,,,,,,,,,,,,,,,
product_97c7c6d0-00d7-48fc-8c2c-0558136aed9a,Variant,,,,,5F29D7F22610A_4146,,,0,TRUE,,,InStock,,,,S,,,,,,,,,,,,,,,,,,,,,,,,,,,,,,,,,
product_97c7c6d0-00d7-48fc-8c2c-0558136aed9a,Variant,,,,,5F29D7F22610A_4147,,,0,TRUE,,,InStock,,,,M,,,,,,,,,,,,,,,,,,,,,,,,,,,,,,,,,
product_97c7c6d0-00d7-48fc-8c2c-0558136aed9a,Variant,,,,,5F29D7F22610A_4148,,,0,TRUE,,,InStock,,,,L,,,,,,,,,,,,,,,,,,,,,,,,,,,,,,,,,
product_c1862141-9c23-4fe9-89e9-37236a5d7f78,Product,Christ T-Shirt,"<p>This t-shirt is soft and lightweight, with the right amount of stretch. It's comfortable and flattering, perfect for everyday wear.<br><br>• 100% combed and ring-spun cotton (Heather colors contain polyester)<br>• Ash color is 99% combed and ring-spun cotton, 1% polyester<br>• Heather colors are 52% combed and ring-spun cotton, 48% polyester<br>• Athletic and Black Heather are 90% combed and ring-spun cotton, 10% polyester<br>• Heather Prism colors are 99% combed and ring-spun cotton, 1% polyester<br>• Fabric weight: 4.2 oz (142 g/m2)<br>• Pre-shrunk fabric<br>• Shoulder-to-shoulder taping<br>• Side-seamed</p>",8e5da9_87d48fbdd3b3477780acf686bc5e647a~mv2.jpg,Tee's,,,24.99,,TRUE,PERCENT,15,InStock,0,Size,DROP_DOWN,XS;S;M;L;XL;2XL;3XL;4XL,,,,,,,,,,,,,,,,Shipping,"<p>Orders usually ship within 10-15 days. There may be possible delays due to Covid 19.</p>
",,,,,,,,,,,,,,,,
product_c1862141-9c23-4fe9-89e9-37236a5d7f78,Variant,,,,,5F29D69EC40B9_5310,,,4,TRUE,,,InStock,,,,4XL,,,,,,,,,,,,,,,,,,,,,,,,,,,,,,,,,
product_c1862141-9c23-4fe9-89e9-37236a5d7f78,Variant,,,,,5F29D69EC40B9_4018,,,0,TRUE,,,InStock,,,,L,,,,,,,,,,,,,,,,,,,,,,,,,,,,,,,,,
product_c1862141-9c23-4fe9-89e9-37236a5d7f78,Variant,,,,,5F29D69EC40B9_4019,,,0,TRUE,,,InStock,,,,XL,,,,,,,,,,,,,,,,,,,,,,,,,,,,,,,,,
product_c1862141-9c23-4fe9-89e9-37236a5d7f78,Variant,,,,,5F29D69EC40B9_4020,,,2,TRUE,,,InStock,,,,2XL,,,,,,,,,,,,,,,,,,,,,,,,,,,,,,,,,
product_c1862141-9c23-4fe9-89e9-37236a5d7f78,Variant,,,,,5F29D69EC40B9_9527,,,0,TRUE,,,InStock,,,,XS,,,,,,,,,,,,,,,,,,,,,,,,,,,,,,,,,
product_c1862141-9c23-4fe9-89e9-37236a5d7f78,Variant,,,,,5F29D69EC40B9_4016,,,0,TRUE,,,InStock,,,,S,,,,,,,,,,,,,,,,,,,,,,,,,,,,,,,,,
product_c1862141-9c23-4fe9-89e9-37236a5d7f78,Variant,,,,,5F29D69EC40B9_5295,,,4,TRUE,,,InStock,,,,3XL,,,,,,,,,,,,,,,,,,,,,,,,,,,,,,,,,
product_c1862141-9c23-4fe9-89e9-37236a5d7f78,Variant,,,,,5F29D69EC40B9_4017,,,0,TRUE,,,InStock,,,,M,,,,,,,,,,,,,,,,,,,,,,,,,,,,,,,,,
product_d00a8bda-caab-4fde-8499-2d1c5d017bf3,Product,Inspire Someone Today Long Sleeve,"<p>Enrich your wardrobe with a versatile long sleeve Faith&nbsp;Tee. For a casual look, combine it with your favorite jeans, and layer it with a button-up shirt, a zip-up hoodie, or a snazzy jacket. Dress it up with formal trousers or chinos to achieve a more professional look.<br><br>• 100% combed and ring-spun cotton<br>• Heather colors are 52% combed and ring-spun cotton, 48% polyester<br>• Athletic Heather is 90% combed and ring-spun cotton, 10% polyester<br>• 32 singles<br>• Retail fit<br>• Crew neck<br>• Cover-stitched collar<br>• 2'' ribbed cuffs<br>• Side-seamed</p>",8e5da9_5b57993941a64b43a3bc1d9a336e6409~mv2.png,Tee's,,,29.99,,TRUE,PERCENT,0,InStock,0,Size,DROP_DOWN,XS;S;M;L;XL;2XL,,,,,,,,,,,,,,,,Shipping,"<p>Orders usually ship within 10-15 days. There may be possible delays due to Covid 19.</p>
",,,,,,,,,,,,,,,,
product_d00a8bda-caab-4fde-8499-2d1c5d017bf3,Variant,,,,,5F29D5CB08EF3_10144,,,0,TRUE,,,InStock,,,,L,,,,,,,,,,,,,,,,,,,,,,,,,,,,,,,,,
product_d00a8bda-caab-4fde-8499-2d1c5d017bf3,Variant,,,,,5F29D5CB08EF3_10145,,,0,TRUE,,,InStock,,,,XL,,,,,,,,,,,,,,,,,,,,,,,,,,,,,,,,,
product_d00a8bda-caab-4fde-8499-2d1c5d017bf3,Variant,,,,,5F29D5CB08EF3_10146,,,2,TRUE,,,InStock,,,,2XL,,,,,,,,,,,,,,,,,,,,,,,,,,,,,,,,,
product_d00a8bda-caab-4fde-8499-2d1c5d017bf3,Variant,,,,,5F29D5CB08EF3_10141,,,0,TRUE,,,InStock,,,,XS,,,,,,,,,,,,,,,,,,,,,,,,,,,,,,,,,
product_d00a8bda-caab-4fde-8499-2d1c5d017bf3,Variant,,,,,5F29D5CB08EF3_10142,,,0,TRUE,,,InStock,,,,S,,,,,,,,,,,,,,,,,,,,,,,,,,,,,,,,,
product_d00a8bda-caab-4fde-8499-2d1c5d017bf3,Variant,,,,,5F29D5CB08EF3_10143,,,0,TRUE,,,InStock,,,,M,,,,,,,,,,,,,,,,,,,,,,,,,,,,,,,,,
product_76b59334-e85a-46c8-9807-949f73d2a0fb,Product,Gods Promise T-Shirt,"<p>This t-shirt is soft and lightweight, with the right amount of stretch. It's comfortable and flattering, perfect for everyday wear.<br><br>• 100% combed and ring-spun cotton (Heather colors contain polyester)<br>• Ash color is 99% combed and ring-spun cotton, 1% polyester<br>• Heather colors are 52% combed and ring-spun cotton, 48% polyester<br>• Athletic and Black Heather are 90% combed and ring-spun cotton, 10% polyester<br>• Heather Prism colors are 99% combed and ring-spun cotton, 1% polyester<br>• Fabric weight: 4.2 oz (142 g/m2)<br>• Pre-shrunk fabric<br>• Shoulder-to-shoulder taping<br>• Side-seamed</p>",8e5da9_a3dd9665eb5d41dbb1cdf63b7908c174~mv2.jpg,Tee's,,,24.99,,TRUE,PERCENT,15,InStock,0,Size,DROP_DOWN,XS;S;M;L;XL;2XL;3XL;4XL,,,,,,,,,,,,,,,,Shipping,"<p>Orders usually ship within 10-15 days. There may be possible delays due to Covid 19.</p>
",,,,,,,,,,,,,,,,
product_76b59334-e85a-46c8-9807-949f73d2a0fb,Variant,,,,,5F29BCCC475EE_8466,,,4,TRUE,,,InStock,,,,4XL,,,,,,,,,,,,,,,,,,,,,,,,,,,,,,,,,
product_76b59334-e85a-46c8-9807-949f73d2a0fb,Variant,,,,,5F29BCCC475EE_8462,,,0,TRUE,,,InStock,,,,L,,,,,,,,,,,,,,,,,,,,,,,,,,,,,,,,,
product_76b59334-e85a-46c8-9807-949f73d2a0fb,Variant,,,,,5F29BCCC475EE_8463,,,0,TRUE,,,InStock,,,,XL,,,,,,,,,,,,,,,,,,,,,,,,,,,,,,,,,
product_76b59334-e85a-46c8-9807-949f73d2a0fb,Variant,,,,,5F29BCCC475EE_8464,,,2,TRUE,,,InStock,,,,2XL,,,,,,,,,,,,,,,,,,,,,,,,,,,,,,,,,
product_76b59334-e85a-46c8-9807-949f73d2a0fb,Variant,,,,,5F29BCCC475EE_9564,,,0,TRUE,,,InStock,,,,XS,,,,,,,,,,,,,,,,,,,,,,,,,,,,,,,,,
product_76b59334-e85a-46c8-9807-949f73d2a0fb,Variant,,,,,5F29BCCC475EE_8460,,,0,TRUE,,,InStock,,,,S,,,,,,,,,,,,,,,,,,,,,,,,,,,,,,,,,
product_76b59334-e85a-46c8-9807-949f73d2a0fb,Variant,,,,,5F29BCCC475EE_8465,,,4,TRUE,,,InStock,,,,3XL,,,,,,,,,,,,,,,,,,,,,,,,,,,,,,,,,
product_76b59334-e85a-46c8-9807-949f73d2a0fb,Variant,,,,,5F29BCCC475EE_8461,,,0,TRUE,,,InStock,,,,M,,,,,,,,,,,,,,,,,,,,,,,,,,,,,,,,,
product_2358448e-96c1-48a6-b865-70acf418c2be,Product,Proverbs 31:25 T-Shirt,"<p>This t-shirt is soft and lightweight, with the right amount of stretch. It's comfortable and flattering, perfect for everyday wear.<br><br>• 100% combed and ring-spun cotton (Heather colors contain polyester)<br>• Ash color is 99% combed and ring-spun cotton, 1% polyester<br>• Heather colors are 52% combed and ring-spun cotton, 48% polyester<br>• Athletic and Black Heather are 90% combed and ring-spun cotton, 10% polyester<br>• Heather Prism colors are 99% combed and ring-spun cotton, 1% polyester<br>• Fabric weight: 4.2 oz (142 g/m2)<br>• Pre-shrunk fabric<br>• Shoulder-to-shoulder taping<br>• Side-seamed</p>",8e5da9_0b2997a9fbc340e69482a4af27a0728e~mv2.jpg,Tee's,,,24.99,,TRUE,PERCENT,15,InStock,0,Size,DROP_DOWN,XS;S;M;L;XL;2XL;3XL;4XL,,,,,,,,,,,,,,,,Shipping,"<p>Orders usually ship within 10-15 days. There may be possible delays due to Covid 19.</p>
",,,,,,,,,,,,,,,,
product_2358448e-96c1-48a6-b865-70acf418c2be,Variant,,,,,5F29B9CA74037_5310,,,4,TRUE,,,InStock,,,,4XL,,,,,,,,,,,,,,,,,,,,,,,,,,,,,,,,,
product_2358448e-96c1-48a6-b865-70acf418c2be,Variant,,,,,5F29B9CA74037_4018,,,0,TRUE,,,InStock,,,,L,,,,,,,,,,,,,,,,,,,,,,,,,,,,,,,,,
product_2358448e-96c1-48a6-b865-70acf418c2be,Variant,,,,,5F29B9CA74037_4019,,,0,TRUE,,,InStock,,,,XL,,,,,,,,,,,,,,,,,,,,,,,,,,,,,,,,,
product_2358448e-96c1-48a6-b865-70acf418c2be,Variant,,,,,5F29B9CA74037_4020,,,2,TRUE,,,InStock,,,,2XL,,,,,,,,,,,,,,,,,,,,,,,,,,,,,,,,,
product_2358448e-96c1-48a6-b865-70acf418c2be,Variant,,,,,5F29B9CA74037_9527,,,0,TRUE,,,InStock,,,,XS,,,,,,,,,,,,,,,,,,,,,,,,,,,,,,,,,
product_2358448e-96c1-48a6-b865-70acf418c2be,Variant,,,,,5F29B9CA74037_4016,,,0,TRUE,,,InStock,,,,S,,,,,,,,,,,,,,,,,,,,,,,,,,,,,,,,,
product_2358448e-96c1-48a6-b865-70acf418c2be,Variant,,,,,5F29B9CA74037_5295,,,4,TRUE,,,InStock,,,,3XL,,,,,,,,,,,,,,,,,,,,,,,,,,,,,,,,,
product_2358448e-96c1-48a6-b865-70acf418c2be,Variant,,,,,5F29B9CA74037_4017,,,0,TRUE,,,InStock,,,,M,,,,,,,,,,,,,,,,,,,,,,,,,,,,,,,,,
product_f5945b05-0c4d-4d94-8d83-c4d22a602b74,Product,Sacrifice Long Sleeve,"<p>Enrich your wardrobe with a versatile long sleeve Faith Tee. For a casual look, combine it with your favorite jeans, and layer it with a button-up shirt, a zip-up hoodie, or a snazzy jacket. Dress it up with formal trousers or chinos to achieve a more professional look.<br><br>• 100% combed and ring-spun cotton<br>• Heather colors are 52% combed and ring-spun cotton, 48% polyester<br>• Athletic Heather is 90% combed and ring-spun cotton, 10% polyester<br>• 32 singles<br>• Retail fit<br>• Crew neck<br>• Cover-stitched collar<br>• 2'' ribbed cuffs<br>• Side-seamed</p>",8e5da9_3223498726e141b8ae514a589b0a0e0e~mv2.png,Tee's,,,29.99,,TRUE,PERCENT,0,InStock,0,Size,DROP_DOWN,XS;S;M;L;XL;2XL,,,,,,,,,,,,,,,,Shipping,"<p>Orders usually ship within 10-15 days. There may be possible delays due to Covid 19.</p>
",,,,,,,,,,,,,,,,
product_f5945b05-0c4d-4d94-8d83-c4d22a602b74,Variant,,,,,5F29B5D1752D2_10114,,,0,TRUE,,,InStock,,,,L,,,,,,,,,,,,,,,,,,,,,,,,,,,,,,,,,
product_f5945b05-0c4d-4d94-8d83-c4d22a602b74,Variant,,,,,5F29B5D1752D2_10115,,,0,TRUE,,,InStock,,,,XL,,,,,,,,,,,,,,,,,,,,,,,,,,,,,,,,,
product_f5945b05-0c4d-4d94-8d83-c4d22a602b74,Variant,,,,,5F29B5D1752D2_10116,,,2,TRUE,,,InStock,,,,2XL,,,,,,,,,,,,,,,,,,,,,,,,,,,,,,,,,
product_f5945b05-0c4d-4d94-8d83-c4d22a602b74,Variant,,,,,5F29B5D1752D2_10111,,,0,TRUE,,,InStock,,,,XS,,,,,,,,,,,,,,,,,,,,,,,,,,,,,,,,,
product_f5945b05-0c4d-4d94-8d83-c4d22a602b74,Variant,,,,,5F29B5D1752D2_10112,,,0,TRUE,,,InStock,,,,S,,,,,,,,,,,,,,,,,,,,,,,,,,,,,,,,,
product_f5945b05-0c4d-4d94-8d83-c4d22a602b74,Variant,,,,,5F29B5D1752D2_10113,,,0,TRUE,,,InStock,,,,M,,,,,,,,,,,,,,,,,,,,,,,,,,,,,,,,,
product_58733946-4c6d-45ee-ad67-a25dc99f3dbd,Product,Sacrifice T-Shirt,"<p>This t-shirt is soft and lightweight, with the right amount of stretch. It's comfortable and flattering, perfect for everyday wear.<br><br>• 100% combed and ring-spun cotton (Heather colors contain polyester)<br>• Ash color is 99% combed and ring-spun cotton, 1% polyester<br>• Heather colors are 52% combed and ring-spun cotton, 48% polyester<br>• Athletic and Black Heather are 90% combed and ring-spun cotton, 10% polyester<br>• Heather Prism colors are 99% combed and ring-spun cotton, 1% polyester<br>• Fabric weight: 4.2 oz (142 g/m2)<br>• Pre-shrunk fabric<br>• Shoulder-to-shoulder taping<br>• Side-seamed</p>",8e5da9_0d928a01c60142eda73bdf108f929a08~mv2.jpg,Tee's,,,24.99,,TRUE,PERCENT,15,InStock,0,Size,DROP_DOWN,S;M;L;XL;2XL,,,,,,,,,,,,,,,,Shipping,"<p>Orders usually ship within 10-15 days. There may be possible delays due to Covid 19.</p>
",Shipping,"<p>Orders usually ship within 10-15 days. There may be possible delays due to Covid 19.</p>
",,,,,,,,,,,,,,
product_58733946-4c6d-45ee-ad67-a25dc99f3dbd,Variant,,,,,5F29B54E96C16_4149,,,0,TRUE,,,InStock,,,,XL,,,,,,,,,,,,,,,,,,,,,,,,,,,,,,,,,
product_58733946-4c6d-45ee-ad67-a25dc99f3dbd,Variant,,,,,5F29B54E96C16_4150,,,0,TRUE,,,InStock,,,,2XL,,,,,,,,,,,,,,,,,,,,,,,,,,,,,,,,,
product_58733946-4c6d-45ee-ad67-a25dc99f3dbd,Variant,,,,,5F29B54E96C16_4146,,,0,TRUE,,,InStock,,,,S,,,,,,,,,,,,,,,,,,,,,,,,,,,,,,,,,
product_58733946-4c6d-45ee-ad67-a25dc99f3dbd,Variant,,,,,5F29B54E96C16_4147,,,0,TRUE,,,InStock,,,,M,,,,,,,,,,,,,,,,,,,,,,,,,,,,,,,,,
product_58733946-4c6d-45ee-ad67-a25dc99f3dbd,Variant,,,,,5F29B54E96C16_4148,,,0,TRUE,,,InStock,,,,L,,,,,,,,,,,,,,,,,,,,,,,,,,,,,,,,,
product_72d10a88-1030-4760-94d8-5b7a4470d159,Product,Surrender T-Shirt,"<p>This t-shirt is soft and lightweight, with the right amount of stretch. It's comfortable and flattering, perfect for everyday wear.<br><br>• 100% combed and ring-spun cotton (Heather colors contain polyester)<br>• Ash color is 99% combed and ring-spun cotton, 1% polyester<br>• Heather colors are 52% combed and ring-spun cotton, 48% polyester<br>• Athletic and Black Heather are 90% combed and ring-spun cotton, 10% polyester<br>• Heather Prism colors are 99% combed and ring-spun cotton, 1% polyester<br>• Fabric weight: 4.2 oz (142 g/m2)<br>• Pre-shrunk fabric<br>• Shoulder-to-shoulder taping<br>• Side-seamed</p>",8e5da9_72ce0228f4984456bd428273dc1b0398~mv2.jpg,Tee's,,,24.99,,TRUE,PERCENT,15,InStock,0,Size,DROP_DOWN,XS;S;M;L;XL;2XL;3XL;4XL,,,,,,,,,,,,,,,,Shipping,"<p>Orders usually ship within 10-15 days. There may be possible delays due to Covid 19.</p>
",,,,,,,,,,,,,,,,
product_72d10a88-1030-4760-94d8-5b7a4470d159,Variant,,,,,5F29A4279032F_5310,,,4,TRUE,,,InStock,,,,4XL,,,,,,,,,,,,,,,,,,,,,,,,,,,,,,,,,
product_72d10a88-1030-4760-94d8-5b7a4470d159,Variant,,,,,5F29A4279032F_4018,,,0,TRUE,,,InStock,,,,L,,,,,,,,,,,,,,,,,,,,,,,,,,,,,,,,,
product_72d10a88-1030-4760-94d8-5b7a4470d159,Variant,,,,,5F29A4279032F_4019,,,0,TRUE,,,InStock,,,,XL,,,,,,,,,,,,,,,,,,,,,,,,,,,,,,,,,
product_72d10a88-1030-4760-94d8-5b7a4470d159,Variant,,,,,5F29A4279032F_4020,,,2,TRUE,,,InStock,,,,2XL,,,,,,,,,,,,,,,,,,,,,,,,,,,,,,,,,
product_72d10a88-1030-4760-94d8-5b7a4470d159,Variant,,,,,5F29A4279032F_9527,,,0,TRUE,,,InStock,,,,XS,,,,,,,,,,,,,,,,,,,,,,,,,,,,,,,,,
product_72d10a88-1030-4760-94d8-5b7a4470d159,Variant,,,,,5F29A4279032F_4016,,,0,TRUE,,,InStock,,,,S,,,,,,,,,,,,,,,,,,,,,,,,,,,,,,,,,
product_72d10a88-1030-4760-94d8-5b7a4470d159,Variant,,,,,5F29A4279032F_5295,,,4,TRUE,,,InStock,,,,3XL,,,,,,,,,,,,,,,,,,,,,,,,,,,,,,,,,
product_72d10a88-1030-4760-94d8-5b7a4470d159,Variant,,,,,5F29A4279032F_4017,,,0,TRUE,,,InStock,,,,M,,,,,,,,,,,,,,,,,,,,,,,,,,,,,,,,,
product_368bcf5a-663f-4eca-a328-b722d62ef291,Product,Surrender Long Sleeve,"<p>Enrich your wardrobe with a versatile long sleeve Faith Tee. For a casual look, combine it with your favorite jeans, and layer it with a button-up shirt, a zip-up hoodie, or a snazzy jacket. Dress it up with formal trousers or chinos to achieve a more professional look.<br><br>• 100% combed and ring-spun cotton<br>• Heather colors are 52% combed and ring-spun cotton, 48% polyester<br>• Athletic Heather is 90% combed and ring-spun cotton, 10% polyester<br>• 32 singles<br>• Retail fit<br>• Crew neck<br>• Cover-stitched collar<br>• 2'' ribbed cuffs<br>• Side-seamed</p>",8e5da9_06135e8b38de40be8b9eabb918517efe~mv2.png,Tee's,,,29.99,,TRUE,PERCENT,0,InStock,0,Size,DROP_DOWN,XS;S;M;L;XL;2XL,,,,,,,,,,,,,,,,Shipping,"<p>Orders usually ship within 10-15 days. There may be possible delays due to Covid 19.</p>
",,,,,,,,,,,,,,,,
product_368bcf5a-663f-4eca-a328-b722d62ef291,Variant,,,,,5F298B95A826F_10096,,,0,TRUE,,,InStock,,,,L,,,,,,,,,,,,,,,,,,,,,,,,,,,,,,,,,
product_368bcf5a-663f-4eca-a328-b722d62ef291,Variant,,,,,5F298B95A826F_10097,,,0,TRUE,,,InStock,,,,XL,,,,,,,,,,,,,,,,,,,,,,,,,,,,,,,,,
product_368bcf5a-663f-4eca-a328-b722d62ef291,Variant,,,,,5F298B95A826F_10098,,,2,TRUE,,,InStock,,,,2XL,,,,,,,,,,,,,,,,,,,,,,,,,,,,,,,,,
product_368bcf5a-663f-4eca-a328-b722d62ef291,Variant,,,,,5F298B95A826F_10093,,,0,TRUE,,,InStock,,,,XS,,,,,,,,,,,,,,,,,,,,,,,,,,,,,,,,,
product_368bcf5a-663f-4eca-a328-b722d62ef291,Variant,,,,,5F298B95A826F_10094,,,0,TRUE,,,InStock,,,,S,,,,,,,,,,,,,,,,,,,,,,,,,,,,,,,,,
product_368bcf5a-663f-4eca-a328-b722d62ef291,Variant,,,,,5F298B95A826F_10095,,,0,TRUE,,,InStock,,,,M,,,,,,,,,,,,,,,,,,,,,,,,,,,,,,,,,
product_13f99af9-a485-493a-86b1-2e914da5ea26,Product,Gods Promises Long Sleeve,"<p>Enrich your wardrobe with a versatile long sleeve Faith Tee. For a casual look, combine it with your favorite jeans, and layer it with a button-up shirt, a zip-up hoodie, or a snazzy jacket. Dress it up with formal trousers or chinos to achieve a more professional look.<br><br>• 100% combed and ring-spun cotton<br>• Heather colors are 52% combed and ring-spun cotton, 48% polyester<br>• Athletic Heather is 90% combed and ring-spun cotton, 10% polyester<br>• 32 singles<br>• Retail fit<br>• Crew neck<br>• Cover-stitched collar<br>• 2'' ribbed cuffs<br>• Side-seamed</p>",8e5da9_594ebdd20ae54ad09a5e792f87693d18~mv2.png,Tee's,,,29.99,,TRUE,PERCENT,0,InStock,0,Size,DROP_DOWN,XS;S;M;L;XL;2XL,,,,,,,,,,,,,,,,Shipping,"<p>Orders usually ship within 10-15 days. There may be possible delays due to Covid 19.</p>
",,,,,,,,,,,,,,,,
product_13f99af9-a485-493a-86b1-2e914da5ea26,Variant,,,,,5F298AD4A0CE8_10120,,,0,TRUE,,,InStock,,,,L,,,,,,,,,,,,,,,,,,,,,,,,,,,,,,,,,
product_13f99af9-a485-493a-86b1-2e914da5ea26,Variant,,,,,5F298AD4A0CE8_10121,,,0,TRUE,,,InStock,,,,XL,,,,,,,,,,,,,,,,,,,,,,,,,,,,,,,,,
product_13f99af9-a485-493a-86b1-2e914da5ea26,Variant,,,,,5F298AD4A0CE8_10122,,,2,TRUE,,,InStock,,,,2XL,,,,,,,,,,,,,,,,,,,,,,,,,,,,,,,,,
product_13f99af9-a485-493a-86b1-2e914da5ea26,Variant,,,,,5F298AD4A0CE8_10117,,,0,TRUE,,,InStock,,,,XS,,,,,,,,,,,,,,,,,,,,,,,,,,,,,,,,,
product_13f99af9-a485-493a-86b1-2e914da5ea26,Variant,,,,,5F298AD4A0CE8_10118,,,0,TRUE,,,InStock,,,,S,,,,,,,,,,,,,,,,,,,,,,,,,,,,,,,,,
product_13f99af9-a485-493a-86b1-2e914da5ea26,Variant,,,,,5F298AD4A0CE8_10119,,,0,TRUE,,,InStock,,,,M,,,,,,,,,,,,,,,,,,,,,,,,,,,,,,,,,
product_4042be03-c8c3-4b51-bf19-4010f305bb75,Product,Inspire Someone Today Long Sleeve,"<p>Enrich your wardrobe with a versatile long sleeve Faith Tee. For a casual look, combine it with your favorite jeans, and layer it with a button-up shirt, a zip-up hoodie, or a snazzy jacket. Dress it up with formal trousers or chinos to achieve a more professional look.<br><br>• 100% combed and ring-spun cotton<br>• Heather colors are 52% combed and ring-spun cotton, 48% polyester<br>• Athletic Heather is 90% combed and ring-spun cotton, 10% polyester<br>• 32 singles<br>• Retail fit<br>• Crew neck<br>• Cover-stitched collar<br>• 2'' ribbed cuffs<br>• Side-seamed</p>",8e5da9_3bdc56e00f0c47aba9eb4a89fe281ad4~mv2.png,Tee's,,,29.99,,TRUE,PERCENT,0,InStock,0,Size,DROP_DOWN,XS;S;M;L;XL;2XL,,,,,,,,,,,,,,,,Shipping,"<p>Orders usually ship within 10-15 days. There may be possible delays due to Covid 19.</p>
",,,,,,,,,,,,,,,,
product_4042be03-c8c3-4b51-bf19-4010f305bb75,Variant,,,,,5F298A3271FEE_10096,,,0,TRUE,,,InStock,,,,L,,,,,,,,,,,,,,,,,,,,,,,,,,,,,,,,,
product_4042be03-c8c3-4b51-bf19-4010f305bb75,Variant,,,,,5F298A3271FEE_10097,,,0,TRUE,,,InStock,,,,XL,,,,,,,,,,,,,,,,,,,,,,,,,,,,,,,,,
product_4042be03-c8c3-4b51-bf19-4010f305bb75,Variant,,,,,5F298A3271FEE_10098,,,2,TRUE,,,InStock,,,,2XL,,,,,,,,,,,,,,,,,,,,,,,,,,,,,,,,,
product_4042be03-c8c3-4b51-bf19-4010f305bb75,Variant,,,,,5F298A3271FEE_10093,,,0,TRUE,,,InStock,,,,XS,,,,,,,,,,,,,,,,,,,,,,,,,,,,,,,,,
product_4042be03-c8c3-4b51-bf19-4010f305bb75,Variant,,,,,5F298A3271FEE_10094,,,0,TRUE,,,InStock,,,,S,,,,,,,,,,,,,,,,,,,,,,,,,,,,,,,,,
product_4042be03-c8c3-4b51-bf19-4010f305bb75,Variant,,,,,5F298A3271FEE_10095,,,0,TRUE,,,InStock,,,,M,,,,,,,,,,,,,,,,,,,,,,,,,,,,,,,,,
